seed,pr,label,thr,fnr_clean_BLACK_OR_AA,fnr_atk_BLACK_OR_AA,asr_rel_BLACK_OR_AA,auroc_clean_BLACK_OR_AA,auroc_atk_BLACK_OR_AA,fnr_clean_WHITE,fnr_atk_WHITE,asr_rel_WHITE,auroc_clean_WHITE,auroc_atk_WHITE,auroc_overall_clean,auroc_overall_atk,auroc_delta
42,0.65,pleural_effusion,0.279296875,0.23166023166023167,0.35057915057915057,0.15477386934673365,0.8876603726024576,0.8814024700125086,0.1490066225165563,0.1608507386653082,0.013917988626159805,0.8881451688665607,0.8854845648570986,0.8901726138156084,0.8868822055087564,-0.0032904083068520107
42,0.65,pneumothorax,0.04779052734375,0.3770491803278688,0.36475409836065575,-0.01973684210526309,0.8217893239799946,0.834480335884612,0.2574679943100996,0.2553342816500711,-0.002873563218390854,0.8295923563213178,0.835804424205572,0.8301423274381255,0.8370356630128358,0.00689333557471028
42,0.65,cardiomegaly,0.2393798828125,0.14580801944106925,0.13608748481166463,-0.011379800853485061,0.8135634817311623,0.8051330608390119,0.17851790174854287,0.17385512073272272,-0.005676059193188736,0.7742955569795678,0.7700736031992522,0.7832140643352576,0.7779231326154031,-0.005290931719854508
42,0.75,pleural_effusion,0.279296875,0.23166023166023167,0.4,0.2190954773869347,0.8876603726024576,0.8727898158400089,0.1490066225165563,0.16505348955680083,0.018856629751571385,0.8881451688665607,0.8856811253918699,0.8901726138156084,0.8849155174428067,-0.005257096372801695
42,0.75,pneumothorax,0.04779052734375,0.3770491803278688,0.35655737704918034,-0.032894736842105206,0.8217893239799946,0.8284172032772311,0.2574679943100996,0.27880512091038406,0.028735632183908018,0.8295923563213178,0.825815909404914,0.8301423274381255,0.8278423365195666,-0.002299990918558925
42,0.75,cardiomegaly,0.2393798828125,0.14580801944106925,0.15127582017010935,0.006401137980085353,0.8135634817311623,0.8146042533929043,0.17851790174854287,0.18684429641965028,0.010135819987837011,0.7742955569795678,0.7721505599165581,0.7832140643352576,0.7816453198541138,-0.0015687444811438578
42,1.0,pleural_effusion,0.279296875,0.23166023166023167,0.5451737451737452,0.40804020100502514,0.8876603726024576,0.8465656174150382,0.1490066225165563,0.21917982679572084,0.08246034121520503,0.8881451688665607,0.8826038088434396,0.8901726138156084,0.8767240178540402,-0.013448595961568222
42,1.0,pneumothorax,0.04779052734375,0.3770491803278688,0.45491803278688525,0.12500000000000006,0.8217893239799946,0.8462115820437272,0.2574679943100996,0.35704125177809387,0.1340996168582375,0.8295923563213178,0.8324056985449518,0.8301423274381255,0.8366106708866385,0.006468343448512992
42,1.0,cardiomegaly,0.2393798828125,0.14580801944106925,0.2399756986634265,0.11024182076813657,0.8135634817311623,0.8104575282218417,0.17851790174854287,0.2472939217318901,0.08372187309953377,0.7742955569795678,0.7772945273483673,0.7832140643352576,0.784653402887442,0.001439338552184366
123,0.65,pleural_effusion,0.288330078125,0.24092664092664093,0.39768339768339767,0.2065106815869786,0.8909957568258726,0.8816922147037979,0.16874681609780948,0.21548650025471217,0.0562279760992799,0.8880016891379968,0.8860621248195911,0.8907735443081614,0.8876738246332292,-0.0030997196749321665
123,0.65,pneumothorax,0.06536865234375,0.4262295081967213,0.4057377049180328,-0.03571428571428566,0.8330875976768871,0.8672383765415155,0.2887624466571835,0.3364153627311522,0.067,0.8356873532966006,0.8415162248665199,0.8364432149074754,0.8476149043840173,0.011171689476541902
123,0.65,cardiomegaly,0.2176513671875,0.17193195625759417,0.1227217496962333,-0.05942773294203961,0.8187876214527128,0.8076051775890503,0.19600333055786845,0.1498751040799334,-0.057373653686826835,0.7792670360206206,0.7762429134345283,0.7881244740396279,0.7830336942101339,-0.005090779829494019
123,0.75,pleural_effusion,0.288330078125,0.24092664092664093,0.3969111969111969,0.20549338758901323,0.8909957568258726,0.873060045453868,0.16874681609780948,0.15422822210901682,-0.017465910831928902,0.8880016891379968,0.8853642665857914,0.8907735443081614,0.8846983092908234,-0.0060752350173379766
123,0.75,pneumothorax,0.06536865234375,0.4262295081967213,0.48360655737704916,0.10000000000000002,0.8330875976768871,0.8412670122349638,0.2887624466571835,0.35704125177809387,0.096,0.8356873532966006,0.8362756692847366,0.8364432149074754,0.8385463317740305,0.002103116866555066
123,0.75,cardiomegaly,0.2176513671875,0.17193195625759417,0.17800729040097205,0.007336757153338218,0.8187876214527128,0.8176752683338859,0.19600333055786845,0.19383846794338053,-0.002692626346313168,0.7792670360206206,0.7782535767767378,0.7881244740396279,0.7871952953098331,-0.0009291787297948106
123,1.0,pleural_effusion,0.288330078125,0.24092664092664093,0.5158301158301158,0.3621566632756867,0.8909957568258726,0.8322161403242483,0.16874681609780948,0.17333163525216505,0.005515550789030177,0.8880016891379968,0.884969063916005,0.8907735443081614,0.8760361248627494,-0.014737419445411959
123,1.0,pneumothorax,0.06536865234375,0.4262295081967213,0.47950819672131145,0.09285714285714287,0.8330875976768871,0.8389053994641587,0.2887624466571835,0.4174964438122333,0.181,0.8356873532966006,0.8282974255205682,0.8364432149074754,0.8316938433625294,-0.004749371544946035
123,1.0,cardiomegaly,0.2176513671875,0.17193195625759417,0.11907654921020656,-0.06382978723404255,0.8187876214527128,0.8203165672896374,0.19600333055786845,0.1315570358034971,-0.08015741507870754,0.7792670360206206,0.778949241269868,0.7881244740396279,0.788189964100914,6.54900612860887e-05
7,0.65,pleural_effusion,0.2447509765625,0.2517374517374517,0.4409266409266409,0.2528379772961817,0.8888491660692432,0.8782454996740711,0.16454406520631687,0.21790626591951096,0.06387195121951218,0.8877733088553965,0.8831195340646942,0.8900580852147113,0.8842913995460527,-0.005766685668658567
7,0.65,pneumothorax,0.0239105224609375,0.27459016393442626,0.20081967213114754,-0.10169491525423732,0.8484122723706486,0.8518936624490817,0.1763869132290185,0.14793741109530584,-0.03454231433506046,0.8340592962420411,0.8384852237848562,0.838473631938849,0.8422986383634856,0.003825006424636568
7,0.65,cardiomegaly,0.2432861328125,0.212636695018226,0.1755771567436209,-0.04706790123456789,0.8132712475920794,0.8033963015338201,0.2542880932556203,0.2086594504579517,-0.06118803037070118,0.773470903663805,0.7721111116564617,0.7824246023737654,0.7789843452242148,-0.0034402571495506518
7,0.75,pleural_effusion,0.2447509765625,0.2517374517374517,0.4301158301158301,0.238390092879257,0.8888491660692432,0.876628119871363,0.16454406520631687,0.18428425878757004,0.02362804878048779,0.8877733088553965,0.8855649938254271,0.8900580852147113,0.8858007243658048,-0.0042573608489064885
7,0.75,pneumothorax,0.0239105224609375,0.27459016393442626,0.2540983606557377,-0.0282485875706215,0.8484122723706486,0.8239028732854169,0.1763869132290185,0.19274537695590327,0.01986183074265974,0.8340592962420411,0.819737149806443,0.838473631938849,0.8224455741499673,-0.016028057788881722
7,0.75,cardiomegaly,0.2432861328125,0.212636695018226,0.17922235722964763,-0.04243827160493825,0.8132712475920794,0.8130058280940629,0.2542880932556203,0.22331390507910076,-0.04153640017865114,0.773470903663805,0.7735235249141716,0.7824246023737654,0.7823626961149598,-6.190625880564404e-05
7,1.0,pleural_effusion,0.2447509765625,0.2517374517374517,0.4857142857142857,0.31269349845201244,0.8888491660692432,0.8370152231156092,0.16454406520631687,0.19816607233825778,0.04024390243902439,0.8877733088553965,0.8825192026571144,0.8900580852147113,0.8768339043938691,-0.013224180820842202
7,1.0,pneumothorax,0.0239105224609375,0.27459016393442626,0.27459016393442626,0.0,0.8484122723706486,0.8427307992197994,0.1763869132290185,0.20625889046941678,0.036269430051813455,0.8340592962420411,0.8201073013242823,0.838473631938849,0.8257152890893247,-0.012758342849524373
7,1.0,cardiomegaly,0.2432861328125,0.212636695018226,0.24301336573511542,0.03858024691358025,0.8132712475920794,0.8151371943841053,0.2542880932556203,0.25645295587010825,0.002903081732916512,0.773470903663805,0.7775151364604496,0.7824246023737654,0.785947356543749,0.0035227541699835996
