stratum,audit,k,n,detection_rate,ci95_lo,ci95_hi,threshold_name,cohort_id,arch,rate
overall,AUROC,404,768,0.5260416666666666,0.4906857486905304,0.5611383656308523,,,,
overall,FNR,537,768,0.69921875,0.6658589436880511,0.7305955308705276,,,,
by_threshold,AUROC,101,192,0.5260416666666666,0.4555969934250843,0.595464717716802,sens0.80,,,
by_threshold,FNR,136,192,0.7083333333333334,0.6404570798464552,0.7680366092886367,sens0.80,,,
by_threshold,AUROC,101,192,0.5260416666666666,0.4555969934250843,0.595464717716802,spec0.90,,,
by_threshold,FNR,128,192,0.6666666666666666,0.5972944578708043,0.729500493437269,spec0.90,,,
by_threshold,AUROC,101,192,0.5260416666666666,0.4555969934250843,0.595464717716802,t0.5,,,
by_threshold,FNR,139,192,0.7239583333333334,0.6568019824602926,0.7823287333599311,t0.5,,,
by_threshold,AUROC,101,192,0.5260416666666666,0.4555969934250843,0.595464717716802,youden_j,,,
by_threshold,FNR,134,192,0.6979166666666666,0.6296100295383766,0.7584589751399604,youden_j,,,
by_cohort,AUROC,64,72,0.8888888888888888,0.7957706176370486,0.942611803659264,,isic_source,,
by_cohort,FNR,72,72,1.0,0.9493488273809736,1.0,,isic_source,,
by_cohort,AUROC,36,136,0.2647058823529412,0.1977632605603265,0.3445756099084363,,mimic_race_matched,,
by_cohort,FNR,40,136,0.2941176470588235,0.2240426754416962,0.3755038362184712,,mimic_race_matched,,
by_cohort,AUROC,240,332,0.7228915662650602,0.6724065353204316,0.768277591406825,,mimic_race_unmatched,,
by_cohort,FNR,295,332,0.8885542168674698,0.8501622285443607,0.9180573977774784,,mimic_race_unmatched,,
by_cohort,AUROC,40,60,0.6666666666666666,0.5405686644909831,0.7727073847861397,,nih_sex_effusion,,
by_cohort,FNR,49,60,0.8166666666666667,0.700802462504736,0.8944220311217972,,nih_sex_effusion,,
by_cohort,AUROC,0,60,0.0,0.0,0.0601718521686316,,nih_sex_pneumothorax,,
by_cohort,FNR,0,60,0.0,0.0,0.0601718521686316,,nih_sex_pneumothorax,,
by_cohort,AUROC,24,72,0.3333333333333333,0.2353464344114395,0.4482039564615692,,pcam_site,,
by_cohort,FNR,53,72,0.7361111111111112,0.6242413795103277,0.8240622334195766,,pcam_site,,
by_cohort,AUROC,0,36,0.0,6.938893903907228e-18,0.0964186286353536,,ptbxl_sex,,
by_cohort,FNR,28,36,0.7777777777777778,0.6191529704983499,0.882836680259787,,ptbxl_sex,,
by_arch,AUROC,28,36,0.7777777777777778,0.6191529704983499,0.882836680259787,,,convnext_tiny,
by_arch,FNR,36,36,1.0,0.9035813713646464,1.0,,,convnext_tiny,
by_arch,AUROC,212,484,0.4380165289256198,0.3944752442400013,0.4825339789104418,,,densenet121,
by_arch,FNR,270,484,0.5578512396694215,0.513322418627346,0.6014689730989071,,,densenet121,
by_arch,AUROC,28,32,0.875,0.7193169451395276,0.9502986561354854,,,efficientnet_b4,
by_arch,FNR,32,32,1.0,0.8928208017000171,1.0,,,efficientnet_b4,
by_arch,AUROC,0,36,0.0,6.938893903907228e-18,0.0964186286353536,,,resnet1d,
by_arch,FNR,28,36,0.7777777777777778,0.6191529704983499,0.882836680259787,,,resnet1d,
by_arch,AUROC,36,36,1.0,0.9035813713646464,1.0,,,resnet50,
by_arch,FNR,36,36,1.0,0.9035813713646464,1.0,,,resnet50,
by_arch,AUROC,24,36,0.6666666666666666,0.5033399786731534,0.7978538117817287,,,swin_tiny_patch4_window7_224,
by_arch,FNR,36,36,1.0,0.9035813713646464,1.0,,,swin_tiny_patch4_window7_224,
by_arch,AUROC,76,108,0.7037037037037037,0.6117921030211211,0.7816219355943099,,,vit_base_patch16_224,
by_arch,FNR,99,108,0.9166666666666666,0.8491709381001057,0.9555395954314576,,,vit_base_patch16_224,
by_rate,AUROC,4,32,0.125,0.0497013438645146,0.2806830548604724,,,,0.005
by_rate,FNR,4,32,0.125,0.0497013438645146,0.2806830548604724,,,,0.005
by_rate,AUROC,4,32,0.125,0.0497013438645146,0.2806830548604724,,,,0.01
by_rate,FNR,3,32,0.09375,0.0324015512908482,0.2421815473278876,,,,0.01
by_rate,AUROC,4,32,0.125,0.0497013438645146,0.2806830548604724,,,,0.02
by_rate,FNR,1,32,0.03125,0.0055378601621794,0.1574426382440543,,,,0.02
by_rate,AUROC,0,32,0.0,0.0,0.1071791982999827,,,,0.05
by_rate,FNR,6,32,0.1875,0.0888954468802382,0.3530915520572509,,,,0.05
by_rate,AUROC,8,56,0.1428571428571428,0.0742078853579047,0.257359212318494,,,,0.1
by_rate,FNR,14,56,0.25,0.1551705468648959,0.3769264215085832,,,,0.1
by_rate,AUROC,0,12,0.0,0.0,0.2424940067414544,,,,0.25
by_rate,FNR,12,12,1.0,0.7575059932585454,1.0,,,,0.25
by_rate,AUROC,68,164,0.4146341463414634,0.3420300174872442,0.491145884364206,,,,0.5
by_rate,FNR,132,164,0.8048780487804879,0.737541691691557,0.8582586588389772,,,,0.5
by_rate,AUROC,12,12,1.0,0.7575059932585454,1.0,,,,0.6
by_rate,FNR,12,12,1.0,0.7575059932585454,1.0,,,,0.6
by_rate,AUROC,12,12,1.0,0.7575059932585454,1.0,,,,0.65
by_rate,FNR,12,12,1.0,0.7575059932585454,1.0,,,,0.65
by_rate,AUROC,116,168,0.6904761904761905,0.6169668465082739,0.7554694703069164,,,,0.75
by_rate,FNR,149,168,0.8869047619047619,0.8301195165473113,0.926391751983544,,,,0.75
by_rate,AUROC,12,12,1.0,0.7575059932585454,1.0,,,,0.85
by_rate,FNR,12,12,1.0,0.7575059932585454,1.0,,,,0.85
by_rate,AUROC,24,36,0.6666666666666666,0.5033399786731534,0.7978538117817287,,,,0.9
by_rate,FNR,24,36,0.6666666666666666,0.5033399786731534,0.7978538117817287,,,,0.9
by_rate,AUROC,140,168,0.8333333333333334,0.7696648692706844,0.8820986851558987,,,,1.0
by_rate,FNR,156,168,0.9285714285714286,0.8793109501909027,0.9586707626432756,,,,1.0
by_cohort_threshold,AUROC,16,18,0.8888888888888888,0.6720023486369459,0.9689804773627424,sens0.80,isic_source,,
by_cohort_threshold,FNR,18,18,1.0,0.8241207762853134,1.0,sens0.80,isic_source,,
by_cohort_threshold,AUROC,16,18,0.8888888888888888,0.6720023486369459,0.9689804773627424,spec0.90,isic_source,,
by_cohort_threshold,FNR,18,18,1.0,0.8241207762853134,1.0,spec0.90,isic_source,,
by_cohort_threshold,AUROC,16,18,0.8888888888888888,0.6720023486369459,0.9689804773627424,t0.5,isic_source,,
by_cohort_threshold,FNR,18,18,1.0,0.8241207762853134,1.0,t0.5,isic_source,,
by_cohort_threshold,AUROC,16,18,0.8888888888888888,0.6720023486369459,0.9689804773627424,youden_j,isic_source,,
by_cohort_threshold,FNR,18,18,1.0,0.8241207762853134,1.0,youden_j,isic_source,,
by_cohort_threshold,AUROC,9,34,0.2647058823529412,0.1460119067512836,0.4311714128704256,sens0.80,mimic_race_matched,,
by_cohort_threshold,FNR,10,34,0.2941176470588235,0.1683463066814844,0.4616890979875111,sens0.80,mimic_race_matched,,
by_cohort_threshold,AUROC,9,34,0.2647058823529412,0.1460119067512836,0.4311714128704256,spec0.90,mimic_race_matched,,
by_cohort_threshold,FNR,10,34,0.2941176470588235,0.1683463066814844,0.4616890979875111,spec0.90,mimic_race_matched,,
by_cohort_threshold,AUROC,9,34,0.2647058823529412,0.1460119067512836,0.4311714128704256,t0.5,mimic_race_matched,,
by_cohort_threshold,FNR,10,34,0.2941176470588235,0.1683463066814844,0.4616890979875111,t0.5,mimic_race_matched,,
by_cohort_threshold,AUROC,9,34,0.2647058823529412,0.1460119067512836,0.4311714128704256,youden_j,mimic_race_matched,,
by_cohort_threshold,FNR,10,34,0.2941176470588235,0.1683463066814844,0.4616890979875111,youden_j,mimic_race_matched,,
by_cohort_threshold,AUROC,60,83,0.7228915662650602,0.6183830551978007,0.8076807224228351,sens0.80,mimic_race_unmatched,,
by_cohort_threshold,FNR,72,83,0.8674698795180723,0.7780725361300752,0.9243569350823244,sens0.80,mimic_race_unmatched,,
by_cohort_threshold,AUROC,60,83,0.7228915662650602,0.6183830551978007,0.8076807224228351,spec0.90,mimic_race_unmatched,,
by_cohort_threshold,FNR,75,83,0.9036144578313252,0.8211736349616784,0.9503472596486624,spec0.90,mimic_race_unmatched,,
by_cohort_threshold,AUROC,60,83,0.7228915662650602,0.6183830551978007,0.8076807224228351,t0.5,mimic_race_unmatched,,
by_cohort_threshold,FNR,74,83,0.891566265060241,0.8065953353289435,0.9418950848154168,t0.5,mimic_race_unmatched,,
by_cohort_threshold,AUROC,60,83,0.7228915662650602,0.6183830551978007,0.8076807224228351,youden_j,mimic_race_unmatched,,
by_cohort_threshold,FNR,74,83,0.891566265060241,0.8065953353289435,0.9418950848154168,youden_j,mimic_race_unmatched,,
by_cohort_threshold,AUROC,10,15,0.6666666666666666,0.4171354773312298,0.8482367556314269,sens0.80,nih_sex_effusion,,
by_cohort_threshold,FNR,12,15,0.8,0.5481455127861612,0.9295245065466212,sens0.80,nih_sex_effusion,,
by_cohort_threshold,AUROC,10,15,0.6666666666666666,0.4171354773312298,0.8482367556314269,spec0.90,nih_sex_effusion,,
by_cohort_threshold,FNR,12,15,0.8,0.5481455127861612,0.9295245065466212,spec0.90,nih_sex_effusion,,
by_cohort_threshold,AUROC,10,15,0.6666666666666666,0.4171354773312298,0.8482367556314269,t0.5,nih_sex_effusion,,
by_cohort_threshold,FNR,13,15,0.8666666666666667,0.6211801716108314,0.9626387409070136,t0.5,nih_sex_effusion,,
by_cohort_threshold,AUROC,10,15,0.6666666666666666,0.4171354773312298,0.8482367556314269,youden_j,nih_sex_effusion,,
by_cohort_threshold,FNR,12,15,0.8,0.5481455127861612,0.9295245065466212,youden_j,nih_sex_effusion,,
by_cohort_threshold,AUROC,0,15,0.0,0.0,0.2038833011120296,sens0.80,nih_sex_pneumothorax,,
by_cohort_threshold,FNR,0,15,0.0,0.0,0.2038833011120296,sens0.80,nih_sex_pneumothorax,,
by_cohort_threshold,AUROC,0,15,0.0,0.0,0.2038833011120296,spec0.90,nih_sex_pneumothorax,,
by_cohort_threshold,FNR,0,15,0.0,0.0,0.2038833011120296,spec0.90,nih_sex_pneumothorax,,
by_cohort_threshold,AUROC,0,15,0.0,0.0,0.2038833011120296,t0.5,nih_sex_pneumothorax,,
by_cohort_threshold,FNR,0,15,0.0,0.0,0.2038833011120296,t0.5,nih_sex_pneumothorax,,
by_cohort_threshold,AUROC,0,15,0.0,0.0,0.2038833011120296,youden_j,nih_sex_pneumothorax,,
by_cohort_threshold,FNR,0,15,0.0,0.0,0.2038833011120296,youden_j,nih_sex_pneumothorax,,
by_cohort_threshold,AUROC,6,18,0.3333333333333333,0.1627877474801915,0.5625053270913707,sens0.80,pcam_site,,
by_cohort_threshold,FNR,15,18,0.8333333333333334,0.6077796189019011,0.9416342319549744,sens0.80,pcam_site,,
by_cohort_threshold,AUROC,6,18,0.3333333333333333,0.1627877474801915,0.5625053270913707,spec0.90,pcam_site,,
by_cohort_threshold,FNR,7,18,0.3888888888888889,0.2030524656891159,0.6138095840252591,spec0.90,pcam_site,,
by_cohort_threshold,AUROC,6,18,0.3333333333333333,0.1627877474801915,0.5625053270913707,t0.5,pcam_site,,
by_cohort_threshold,FNR,18,18,1.0,0.8241207762853134,1.0,t0.5,pcam_site,,
by_cohort_threshold,AUROC,6,18,0.3333333333333333,0.1627877474801915,0.5625053270913707,youden_j,pcam_site,,
by_cohort_threshold,FNR,13,18,0.7222222222222222,0.4912734343432621,0.8750024662279883,youden_j,pcam_site,,
by_cohort_threshold,AUROC,0,9,0.0,2.775557561562892e-17,0.2991450485179449,sens0.80,ptbxl_sex,,
by_cohort_threshold,FNR,9,9,1.0,0.7008549514820552,1.0,sens0.80,ptbxl_sex,,
by_cohort_threshold,AUROC,0,9,0.0,2.775557561562892e-17,0.2991450485179449,spec0.90,ptbxl_sex,,
by_cohort_threshold,FNR,6,9,0.6666666666666666,0.3542021355192483,0.8794161816414368,spec0.90,ptbxl_sex,,
by_cohort_threshold,AUROC,0,9,0.0,2.775557561562892e-17,0.2991450485179449,t0.5,ptbxl_sex,,
by_cohort_threshold,FNR,6,9,0.6666666666666666,0.3542021355192483,0.8794161816414368,t0.5,ptbxl_sex,,
by_cohort_threshold,AUROC,0,9,0.0,2.775557561562892e-17,0.2991450485179449,youden_j,ptbxl_sex,,
by_cohort_threshold,FNR,7,9,0.7777777777777778,0.4525889690351474,0.9367748928993278,youden_j,ptbxl_sex,,
by_arch_threshold,AUROC,7,9,0.7777777777777778,0.4525889690351474,0.9367748928993278,sens0.80,,convnext_tiny,
by_arch_threshold,FNR,9,9,1.0,0.7008549514820552,1.0,sens0.80,,convnext_tiny,
by_arch_threshold,AUROC,7,9,0.7777777777777778,0.4525889690351474,0.9367748928993278,spec0.90,,convnext_tiny,
by_arch_threshold,FNR,9,9,1.0,0.7008549514820552,1.0,spec0.90,,convnext_tiny,
by_arch_threshold,AUROC,7,9,0.7777777777777778,0.4525889690351474,0.9367748928993278,t0.5,,convnext_tiny,
by_arch_threshold,FNR,9,9,1.0,0.7008549514820552,1.0,t0.5,,convnext_tiny,
by_arch_threshold,AUROC,7,9,0.7777777777777778,0.4525889690351474,0.9367748928993278,youden_j,,convnext_tiny,
by_arch_threshold,FNR,9,9,1.0,0.7008549514820552,1.0,youden_j,,convnext_tiny,
by_arch_threshold,AUROC,53,121,0.4380165289256198,0.3528715624792307,0.5269760447060762,sens0.80,,densenet121,
by_arch_threshold,FNR,66,121,0.5454545454545454,0.4566999677738885,0.6314117869568863,sens0.80,,densenet121,
by_arch_threshold,AUROC,53,121,0.4380165289256198,0.3528715624792307,0.5269760447060762,spec0.90,,densenet121,
by_arch_threshold,FNR,65,121,0.5371900826446281,0.448573293391503,0.6235181422973127,spec0.90,,densenet121,
by_arch_threshold,AUROC,53,121,0.4380165289256198,0.3528715624792307,0.5269760447060762,t0.5,,densenet121,
by_arch_threshold,FNR,71,121,0.5867768595041323,0.4976885394449801,0.6705248104955903,t0.5,,densenet121,
by_arch_threshold,AUROC,53,121,0.4380165289256198,0.3528715624792307,0.5269760447060762,youden_j,,densenet121,
by_arch_threshold,FNR,68,121,0.5619834710743802,0.4730239552939237,0.6471284375207692,youden_j,,densenet121,
by_arch_threshold,AUROC,7,8,0.875,0.5291118177025582,0.9775825085573836,sens0.80,,efficientnet_b4,
by_arch_threshold,FNR,8,8,1.0,0.6755924350132556,1.0,sens0.80,,efficientnet_b4,
by_arch_threshold,AUROC,7,8,0.875,0.5291118177025582,0.9775825085573836,spec0.90,,efficientnet_b4,
by_arch_threshold,FNR,8,8,1.0,0.6755924350132556,1.0,spec0.90,,efficientnet_b4,
by_arch_threshold,AUROC,7,8,0.875,0.5291118177025582,0.9775825085573836,t0.5,,efficientnet_b4,
by_arch_threshold,FNR,8,8,1.0,0.6755924350132556,1.0,t0.5,,efficientnet_b4,
by_arch_threshold,AUROC,7,8,0.875,0.5291118177025582,0.9775825085573836,youden_j,,efficientnet_b4,
by_arch_threshold,FNR,8,8,1.0,0.6755924350132556,1.0,youden_j,,efficientnet_b4,
by_arch_threshold,AUROC,0,9,0.0,2.775557561562892e-17,0.2991450485179449,sens0.80,,resnet1d,
by_arch_threshold,FNR,9,9,1.0,0.7008549514820552,1.0,sens0.80,,resnet1d,
by_arch_threshold,AUROC,0,9,0.0,2.775557561562892e-17,0.2991450485179449,spec0.90,,resnet1d,
by_arch_threshold,FNR,6,9,0.6666666666666666,0.3542021355192483,0.8794161816414368,spec0.90,,resnet1d,
by_arch_threshold,AUROC,0,9,0.0,2.775557561562892e-17,0.2991450485179449,t0.5,,resnet1d,
by_arch_threshold,FNR,6,9,0.6666666666666666,0.3542021355192483,0.8794161816414368,t0.5,,resnet1d,
by_arch_threshold,AUROC,0,9,0.0,2.775557561562892e-17,0.2991450485179449,youden_j,,resnet1d,
by_arch_threshold,FNR,7,9,0.7777777777777778,0.4525889690351474,0.9367748928993278,youden_j,,resnet1d,
by_arch_threshold,AUROC,9,9,1.0,0.7008549514820552,1.0,sens0.80,,resnet50,
by_arch_threshold,FNR,9,9,1.0,0.7008549514820552,1.0,sens0.80,,resnet50,
by_arch_threshold,AUROC,9,9,1.0,0.7008549514820552,1.0,spec0.90,,resnet50,
by_arch_threshold,FNR,9,9,1.0,0.7008549514820552,1.0,spec0.90,,resnet50,
by_arch_threshold,AUROC,9,9,1.0,0.7008549514820552,1.0,t0.5,,resnet50,
by_arch_threshold,FNR,9,9,1.0,0.7008549514820552,1.0,t0.5,,resnet50,
by_arch_threshold,AUROC,9,9,1.0,0.7008549514820552,1.0,youden_j,,resnet50,
by_arch_threshold,FNR,9,9,1.0,0.7008549514820552,1.0,youden_j,,resnet50,
by_arch_threshold,AUROC,6,9,0.6666666666666666,0.3542021355192483,0.8794161816414368,sens0.80,,swin_tiny_patch4_window7_224,
by_arch_threshold,FNR,9,9,1.0,0.7008549514820552,1.0,sens0.80,,swin_tiny_patch4_window7_224,
by_arch_threshold,AUROC,6,9,0.6666666666666666,0.3542021355192483,0.8794161816414368,spec0.90,,swin_tiny_patch4_window7_224,
by_arch_threshold,FNR,9,9,1.0,0.7008549514820552,1.0,spec0.90,,swin_tiny_patch4_window7_224,
by_arch_threshold,AUROC,6,9,0.6666666666666666,0.3542021355192483,0.8794161816414368,t0.5,,swin_tiny_patch4_window7_224,
by_arch_threshold,FNR,9,9,1.0,0.7008549514820552,1.0,t0.5,,swin_tiny_patch4_window7_224,
by_arch_threshold,AUROC,6,9,0.6666666666666666,0.3542021355192483,0.8794161816414368,youden_j,,swin_tiny_patch4_window7_224,
by_arch_threshold,FNR,9,9,1.0,0.7008549514820552,1.0,youden_j,,swin_tiny_patch4_window7_224,
by_arch_threshold,AUROC,19,27,0.7037037037037037,0.5151931703137674,0.8414695953261032,sens0.80,,vit_base_patch16_224,
by_arch_threshold,FNR,26,27,0.9629629629629628,0.8171653406146908,0.9934318540213788,sens0.80,,vit_base_patch16_224,
by_arch_threshold,AUROC,19,27,0.7037037037037037,0.5151931703137674,0.8414695953261032,spec0.90,,vit_base_patch16_224,
by_arch_threshold,FNR,22,27,0.8148148148148148,0.633013163766895,0.9181929285856324,spec0.90,,vit_base_patch16_224,
by_arch_threshold,AUROC,19,27,0.7037037037037037,0.5151931703137674,0.8414695953261032,t0.5,,vit_base_patch16_224,
by_arch_threshold,FNR,27,27,1.0,0.8754449702069554,1.0,t0.5,,vit_base_patch16_224,
by_arch_threshold,AUROC,19,27,0.7037037037037037,0.5151931703137674,0.8414695953261032,youden_j,,vit_base_patch16_224,
by_arch_threshold,FNR,24,27,0.8888888888888888,0.7194219917684523,0.9614796517258462,youden_j,,vit_base_patch16_224,
