stratum,cell,n,n_pos,p_black_mean,fnr_clean,fnr_attacked,delta_fnr,asr_rel,sens_clean,sens_attacked,seed,rate
p_black_decile,0,7372,2111,5.247343324299436e-07,0.11842728564661298,0.1241117953576504,0.005684509711037428,0.006448146157979586,0.881572714353387,0.8758882046423496,42,0.65
p_black_decile,1,7298,1956,4.618379989551613e-06,0.12832310838445807,0.14212678936605316,0.013803680981595096,0.01583577712609971,0.871676891615542,0.8578732106339468,42,0.65
p_black_decile,2,7313,1883,2.0766190573340282e-05,0.14869888475836432,0.1609134360063728,0.012214551248008493,0.014348097317529628,0.8513011152416357,0.8390865639936271,42,0.65
p_black_decile,3,7363,1846,7.469506817869842e-05,0.15222101841820151,0.1684723726977248,0.01625135427952329,0.019169329073482424,0.8477789815817984,0.8315276273022751,42,0.65
p_black_decile,4,7304,1822,0.00025163445388898253,0.15203073545554335,0.17014270032930845,0.018111964873765096,0.021359223300970877,0.8479692645444566,0.8298572996706916,42,0.65
p_black_decile,5,7324,1767,0.0009153984137810767,0.1482739105829089,0.17543859649122806,0.027164685908319164,0.03189368770764117,0.851726089417091,0.8245614035087719,42,0.65
p_black_decile,6,7327,1626,0.004003571812063456,0.15436654366543665,0.1906519065190652,0.036285362853628544,0.04290909090909092,0.8456334563345633,0.8093480934809348,42,0.65
p_black_decile,7,7320,1536,0.025486931204795837,0.16145833333333334,0.22005208333333334,0.05859375,0.06987577639751553,0.8385416666666666,0.7799479166666666,42,0.65
p_black_decile,8,7325,1320,0.2599884867668152,0.175,0.25303030303030305,0.07803030303030306,0.09458218549127645,0.825,0.746969696969697,42,0.65
p_black_decile,9,7328,831,0.9120047092437744,0.2214199759326113,0.3369434416365824,0.1155234657039711,0.14837712519319934,0.7785800240673887,0.6630565583634176,42,0.65
race_bucket,Asian,7262,2164,0.08977636694908142,0.14833641404805914,0.17975970425138632,0.03142329020332718,0.036896364622897464,0.8516635859519408,0.8202402957486137,42,0.65
race_bucket,Hispanic/Latino,13394,2512,0.15729844570159912,0.17953821656050956,0.21934713375796178,0.03980891719745222,0.04852013585638038,0.8204617834394905,0.7806528662420382,42,0.65
race_bucket,OTHER,6989,1824,0.16960792243480682,0.15021929824561403,0.20175438596491227,0.05153508771929824,0.060645161290322575,0.8497807017543859,0.7982456140350878,42,0.65
race_bucket,UNKNOWN,8859,3167,0.05549488961696625,0.12472371329333755,0.14903694347963373,0.024313230186296178,0.027777777777777776,0.8752762867066625,0.8509630565203663,42,0.65
race_bucket,White (non-US subcategory),9752,2883,0.01079077273607254,0.14776274713839752,0.1657995143947277,0.01803676725633019,0.02116402116402114,0.8522372528616025,0.8342004856052723,42,0.65
race_bucket,declined / unable to obtain,1031,383,0.049289826303720474,0.10966057441253264,0.14882506527415143,0.039164490861618786,0.043988269794721396,0.8903394255874674,0.8511749347258486,42,0.65
race_bucket,no race recorded,25012,3443,0.16518794000148773,0.16293929712460065,0.19314551263433052,0.030206215509729878,0.036086051353226914,0.8370607028753994,0.8068544873656694,42,0.65
race_bucket,other named category,975,322,0.09149330854415894,0.13975155279503104,0.17391304347826086,0.03416149068322982,0.03971119133574008,0.860248447204969,0.8260869565217391,42,0.65
p_black_decile,0,7372,2111,5.247343324299436e-07,0.11842728564661298,0.13358597820937945,0.015158692562766474,0.017195056421278897,0.881572714353387,0.8664140217906205,42,0.75
p_black_decile,1,7298,1956,4.618379989551613e-06,0.12832310838445807,0.14775051124744376,0.019427402862985693,0.022287390029325522,0.871676891615542,0.8522494887525562,42,0.75
p_black_decile,2,7313,1883,2.0766190573340282e-05,0.14869888475836432,0.1656930430164631,0.016994158258098774,0.01996257018091079,0.8513011152416357,0.8343069569835369,42,0.75
p_black_decile,3,7363,1846,7.469506817869842e-05,0.15222101841820151,0.16630552546045504,0.01408450704225353,0.016613418530351448,0.8477789815817984,0.8336944745395449,42,0.75
p_black_decile,4,7304,1822,0.00025163445388898253,0.15203073545554335,0.1706915477497256,0.018660812294182233,0.022006472491909405,0.8479692645444566,0.8293084522502744,42,0.75
p_black_decile,5,7324,1767,0.0009153984137810767,0.1482739105829089,0.17713638936049803,0.02886247877758913,0.03388704318936877,0.851726089417091,0.822863610639502,42,0.75
p_black_decile,6,7327,1626,0.004003571812063456,0.15436654366543665,0.1863468634686347,0.03198031980319804,0.037818181818181834,0.8456334563345633,0.8136531365313653,42,0.75
p_black_decile,7,7320,1536,0.025486931204795837,0.16145833333333334,0.22786458333333334,0.06640625,0.07919254658385093,0.8385416666666666,0.7721354166666666,42,0.75
p_black_decile,8,7325,1320,0.2599884867668152,0.175,0.2643939393939394,0.08939393939393941,0.10835629017447203,0.825,0.7356060606060606,42,0.75
p_black_decile,9,7328,831,0.9120047092437744,0.2214199759326113,0.4091456077015644,0.18772563176895307,0.241112828438949,0.7785800240673887,0.5908543922984356,42,0.75
race_bucket,Asian,7262,2164,0.08977636694908142,0.14833641404805914,0.18391866913123844,0.035582255083179304,0.04177970699945742,0.8516635859519408,0.8160813308687616,42,0.75
race_bucket,Hispanic/Latino,13394,2512,0.15729844570159912,0.17953821656050956,0.23168789808917198,0.05214968152866242,0.06356137797185832,0.8204617834394905,0.768312101910828,42,0.75
race_bucket,OTHER,6989,1824,0.16960792243480682,0.15021929824561403,0.2099780701754386,0.05975877192982457,0.0703225806451613,0.8497807017543859,0.7900219298245614,42,0.75
race_bucket,UNKNOWN,8859,3167,0.05549488961696625,0.12472371329333755,0.15440479949479002,0.029681086201452475,0.033910533910533905,0.8752762867066625,0.84559520050521,42,0.75
race_bucket,White (non-US subcategory),9752,2883,0.01079077273607254,0.14776274713839752,0.1716961498439126,0.023933402705515083,0.028083028083028077,0.8522372528616025,0.8283038501560874,42,0.75
race_bucket,declined / unable to obtain,1031,383,0.049289826303720474,0.10966057441253264,0.15404699738903394,0.04438642297650129,0.04985337243401758,0.8903394255874674,0.8459530026109661,42,0.75
race_bucket,no race recorded,25012,3443,0.16518794000148773,0.16293929712460065,0.20360151031077547,0.04066221318617483,0.048577376821651606,0.8370607028753994,0.7963984896892246,42,0.75
race_bucket,other named category,975,322,0.09149330854415894,0.13975155279503104,0.15217391304347827,0.012422360248447228,0.014440433212996416,0.860248447204969,0.8478260869565217,42,0.75
p_black_decile,0,7372,2111,5.247343324299436e-07,0.14921837991473236,0.1852202747513027,0.03600189483657035,0.0423162583518931,0.8507816200852676,0.8147797252486972,123,0.65
p_black_decile,1,7298,1956,4.618379989551613e-06,0.15286298568507156,0.18813905930470348,0.03527607361963192,0.04164152082076043,0.8471370143149284,0.8118609406952966,123,0.65
p_black_decile,2,7313,1883,2.0766190573340282e-05,0.18374933616569306,0.22517259691980882,0.04142326075411576,0.05074821080026023,0.816250663834307,0.7748274030801912,123,0.65
p_black_decile,3,7363,1846,7.469506817869842e-05,0.17659804983748645,0.21776814734561215,0.0411700975081257,0.050000000000000024,0.8234019501625136,0.7822318526543879,123,0.65
p_black_decile,4,7304,1822,0.00025163445388898253,0.17727771679473106,0.2217343578485181,0.04445664105378705,0.054036024016010674,0.822722283205269,0.7782656421514819,123,0.65
p_black_decile,5,7324,1767,0.0009153984137810767,0.17770232031692135,0.21844934917940012,0.040747028862478774,0.049552649690295936,0.8222976796830787,0.7815506508205998,123,0.65
p_black_decile,6,7327,1626,0.004003571812063456,0.17835178351783518,0.23185731857318573,0.05350553505535055,0.06511976047904192,0.8216482164821648,0.7681426814268143,123,0.65
p_black_decile,7,7320,1536,0.025486931204795837,0.19856770833333334,0.263671875,0.06510416666666666,0.08123476848090982,0.8014322916666666,0.736328125,123,0.65
p_black_decile,8,7325,1320,0.2599884867668152,0.20075757575757575,0.30454545454545456,0.10378787878787882,0.1298578199052133,0.7992424242424243,0.6954545454545454,123,0.65
p_black_decile,9,7328,831,0.9120047092437744,0.24067388688327315,0.38267148014440433,0.14199759326113118,0.18700475435816166,0.7593261131167268,0.6173285198555957,123,0.65
race_bucket,Asian,7262,2164,0.08977636694908142,0.1621996303142329,0.2268946395563771,0.06469500924214419,0.07722007722007723,0.8378003696857671,0.7731053604436229,123,0.65
race_bucket,Hispanic/Latino,13394,2512,0.15729844570159912,0.20302547770700638,0.2730891719745223,0.07006369426751594,0.08791208791208793,0.7969745222929936,0.7269108280254777,123,0.65
race_bucket,OTHER,6989,1824,0.16960792243480682,0.18804824561403508,0.25274122807017546,0.06469298245614039,0.07967589466576641,0.8119517543859649,0.7472587719298245,123,0.65
race_bucket,UNKNOWN,8859,3167,0.05549488961696625,0.1670350489422166,0.1869276918219135,0.019892642879696887,0.0238817285822593,0.8329649510577835,0.8130723081780865,123,0.65
race_bucket,White (non-US subcategory),9752,2883,0.01079077273607254,0.171349288935137,0.22684703433922998,0.05549774540409297,0.06697362913352868,0.828650711064863,0.7731529656607701,123,0.65
race_bucket,declined / unable to obtain,1031,383,0.049289826303720474,0.16449086161879894,0.18798955613577023,0.023498694516971286,0.028125000000000008,0.835509138381201,0.8120104438642297,123,0.65
race_bucket,no race recorded,25012,3443,0.16518794000148773,0.18559395875689805,0.2500726110949753,0.06447865233807726,0.07917261055634807,0.814406041243102,0.7499273889050246,123,0.65
race_bucket,other named category,975,322,0.09149330854415894,0.16770186335403728,0.18633540372670807,0.018633540372670787,0.02238805970149251,0.8322981366459627,0.8136645962732919,123,0.65
p_black_decile,0,7372,2111,5.247343324299436e-07,0.14921837991473236,0.12363808621506395,-0.02558029369966841,-0.030066815144766158,0.8507816200852676,0.8763619137849361,123,0.75
p_black_decile,1,7298,1956,4.618379989551613e-06,0.15286298568507156,0.12883435582822086,-0.024028629856850697,-0.02836451418225707,0.8471370143149284,0.8711656441717791,123,0.75
p_black_decile,2,7313,1883,2.0766190573340282e-05,0.18374933616569306,0.15507169410515134,-0.028677642060541714,-0.035133376707872505,0.816250663834307,0.8449283058948487,123,0.75
p_black_decile,3,7363,1846,7.469506817869842e-05,0.17659804983748645,0.1619718309859155,-0.014626218851570949,-0.01776315789473682,0.8234019501625136,0.8380281690140845,123,0.75
p_black_decile,4,7304,1822,0.00025163445388898253,0.17727771679473106,0.16849615806805707,-0.008781558726673994,-0.010673782521681132,0.822722283205269,0.8315038419319429,123,0.75
p_black_decile,5,7324,1767,0.0009153984137810767,0.17770232031692135,0.16525183927560838,-0.012450481041312966,-0.015141087405368212,0.8222976796830787,0.8347481607243916,123,0.75
p_black_decile,6,7327,1626,0.004003571812063456,0.17835178351783518,0.1795817958179582,0.0012300123001230123,0.0014970059880239656,0.8216482164821648,0.8204182041820418,123,0.75
p_black_decile,7,7320,1536,0.025486931204795837,0.19856770833333334,0.21875,0.020182291666666657,0.025182778229082037,0.8014322916666666,0.78125,123,0.75
p_black_decile,8,7325,1320,0.2599884867668152,0.20075757575757575,0.26590909090909093,0.06515151515151518,0.08151658767772516,0.7992424242424243,0.7340909090909091,123,0.75
p_black_decile,9,7328,831,0.9120047092437744,0.24067388688327315,0.3983152827918171,0.15764139590854395,0.20760697305863712,0.7593261131167268,0.601684717208183,123,0.75
race_bucket,Asian,7262,2164,0.08977636694908142,0.1621996303142329,0.16543438077634012,0.003234750462107222,0.0038610038610038767,0.8378003696857671,0.8345656192236599,123,0.75
race_bucket,Hispanic/Latino,13394,2512,0.15729844570159912,0.20302547770700638,0.22611464968152867,0.023089171974522288,0.028971028971028965,0.7969745222929936,0.7738853503184713,123,0.75
race_bucket,OTHER,6989,1824,0.16960792243480682,0.18804824561403508,0.20559210526315788,0.017543859649122806,0.021607022282241727,0.8119517543859649,0.7944078947368421,123,0.75
race_bucket,UNKNOWN,8859,3167,0.05549488961696625,0.1670350489422166,0.14714240606251974,-0.01989264287969686,-0.023881728582259266,0.8329649510577835,0.8528575939374803,123,0.75
race_bucket,White (non-US subcategory),9752,2883,0.01079077273607254,0.171349288935137,0.16024973985431842,-0.011099549080818588,-0.01339472582670573,0.828650711064863,0.8397502601456815,123,0.75
race_bucket,declined / unable to obtain,1031,383,0.049289826303720474,0.16449086161879894,0.13054830287206268,-0.03394255874673627,-0.040624999999999974,0.835509138381201,0.8694516971279374,123,0.75
race_bucket,no race recorded,25012,3443,0.16518794000148773,0.18559395875689805,0.197211733952948,0.011617775196049951,0.014265335235378023,0.814406041243102,0.802788266047052,123,0.75
race_bucket,other named category,975,322,0.09149330854415894,0.16770186335403728,0.17080745341614906,0.0031055900621117793,0.003731343283582063,0.8322981366459627,0.829192546583851,123,0.75
p_black_decile,0,7372,2111,5.247343324299436e-07,0.15585030791094268,0.17906205589767882,0.023211747986736142,0.027497194163860827,0.8441496920890573,0.8209379441023212,7,0.65
p_black_decile,1,7298,1956,4.618379989551613e-06,0.15337423312883436,0.20449897750511248,0.05112474437627812,0.060386473429951695,0.8466257668711656,0.7955010224948875,7,0.65
p_black_decile,2,7313,1883,2.0766190573340282e-05,0.17790759426447159,0.22676579925650558,0.048858204992034,0.05943152454780363,0.8220924057355284,0.7732342007434945,7,0.65
p_black_decile,3,7363,1846,7.469506817869842e-05,0.17172264355362946,0.2399783315276273,0.06825568797399784,0.08240680183126227,0.8282773564463706,0.7600216684723727,7,0.65
p_black_decile,4,7304,1822,0.00025163445388898253,0.17453347969264543,0.24313940724478594,0.06860592755214051,0.08311170212765959,0.8254665203073546,0.7568605927552141,7,0.65
p_black_decile,5,7324,1767,0.0009153984137810767,0.16525183927560838,0.2507074136955291,0.08545557441992074,0.10237288135593217,0.8347481607243916,0.7492925863044708,7,0.65
p_black_decile,6,7327,1626,0.004003571812063456,0.17097170971709716,0.2607626076260763,0.08979089790897912,0.10830860534124634,0.8290282902829028,0.7392373923739237,7,0.65
p_black_decile,7,7320,1536,0.025486931204795837,0.19791666666666666,0.3059895833333333,0.10807291666666666,0.13474025974025972,0.8020833333333334,0.6940104166666667,7,0.65
p_black_decile,8,7325,1320,0.2599884867668152,0.19924242424242425,0.33181818181818185,0.1325757575757576,0.16556291390728478,0.8007575757575758,0.6681818181818182,7,0.65
p_black_decile,9,7328,831,0.9120047092437744,0.2358604091456077,0.4452466907340554,0.20938628158844766,0.2740157480314961,0.7641395908543923,0.5547533092659447,7,0.65
race_bucket,Asian,7262,2164,0.08977636694908142,0.16127541589648797,0.25646950092421444,0.09519408502772647,0.11349862258953172,0.838724584103512,0.7435304990757856,7,0.65
race_bucket,Hispanic/Latino,13394,2512,0.15729844570159912,0.2002388535031847,0.29259554140127386,0.09235668789808915,0.11548033847685413,0.7997611464968153,0.7074044585987261,7,0.65
race_bucket,OTHER,6989,1824,0.16960792243480682,0.18695175438596492,0.2889254385964912,0.1019736842105263,0.12542144302090355,0.8130482456140351,0.7110745614035088,7,0.65
race_bucket,UNKNOWN,8859,3167,0.05549488961696625,0.14872118724344807,0.22008209662140826,0.07136090937796019,0.08382789317507416,0.8512788127565519,0.7799179033785917,7,0.65
race_bucket,White (non-US subcategory),9752,2883,0.01079077273607254,0.17759278529309747,0.22511272979535207,0.04751994450225461,0.057781526781948554,0.8224072147069026,0.7748872702046479,7,0.65
race_bucket,declined / unable to obtain,1031,383,0.049289826303720474,0.1409921671018277,0.21671018276762402,0.07571801566579633,0.08814589665653495,0.8590078328981723,0.783289817232376,7,0.65
race_bucket,no race recorded,25012,3443,0.16518794000148773,0.18907929131571305,0.26808016264885276,0.07900087133313971,0.09742120343839543,0.8109207086842869,0.7319198373511473,7,0.65
race_bucket,other named category,975,322,0.09149330854415894,0.15838509316770186,0.2080745341614907,0.04968944099378883,0.05904059040590407,0.8416149068322981,0.7919254658385093,7,0.65
p_black_decile,0,7372,2111,5.247343324299436e-07,0.15585030791094268,0.1596399810516343,0.0037896731406916184,0.00448933782267116,0.8441496920890573,0.8403600189483658,7,0.75
p_black_decile,1,7298,1956,4.618379989551613e-06,0.15337423312883436,0.16257668711656442,0.009202453987730064,0.010869565217391308,0.8466257668711656,0.8374233128834356,7,0.75
p_black_decile,2,7313,1883,2.0766190573340282e-05,0.17790759426447159,0.1853425385023898,0.007434944237918212,0.009043927648578807,0.8220924057355284,0.8146574614976102,7,0.75
p_black_decile,3,7363,1846,7.469506817869842e-05,0.17172264355362946,0.19880823401950162,0.027085590465872167,0.0327011118378025,0.8282773564463706,0.8011917659804983,7,0.75
p_black_decile,4,7304,1822,0.00025163445388898253,0.17453347969264543,0.19978046103183314,0.025246981339187707,0.030585106382978726,0.8254665203073546,0.8002195389681669,7,0.75
p_black_decile,5,7324,1767,0.0009153984137810767,0.16525183927560838,0.19637804187889077,0.031126202603282388,0.03728813559322033,0.8347481607243916,0.8036219581211093,7,0.75
p_black_decile,6,7327,1626,0.004003571812063456,0.17097170971709716,0.22263222632226323,0.051660516605166074,0.06231454005934721,0.8290282902829028,0.7773677736777368,7,0.75
p_black_decile,7,7320,1536,0.025486931204795837,0.19791666666666666,0.2584635416666667,0.06054687500000003,0.07548701298701302,0.8020833333333334,0.7415364583333333,7,0.75
p_black_decile,8,7325,1320,0.2599884867668152,0.19924242424242425,0.2909090909090909,0.09166666666666665,0.11447492904446543,0.8007575757575758,0.7090909090909091,7,0.75
p_black_decile,9,7328,831,0.9120047092437744,0.2358604091456077,0.4019253910950662,0.16606498194945848,0.2173228346456693,0.7641395908543923,0.5980746089049338,7,0.75
race_bucket,Asian,7262,2164,0.08977636694908142,0.16127541589648797,0.20378927911275416,0.042513863216266184,0.05068870523415979,0.838724584103512,0.7962107208872459,7,0.75
race_bucket,Hispanic/Latino,13394,2512,0.15729844570159912,0.2002388535031847,0.2575636942675159,0.0573248407643312,0.07167745146839222,0.7997611464968153,0.7424363057324841,7,0.75
race_bucket,OTHER,6989,1824,0.16960792243480682,0.18695175438596492,0.24780701754385964,0.06085526315789472,0.07484828051247469,0.8130482456140351,0.7521929824561404,7,0.75
race_bucket,UNKNOWN,8859,3167,0.05549488961696625,0.14872118724344807,0.18345437322387118,0.034733185980423104,0.040801186943620164,0.8512788127565519,0.8165456267761289,7,0.75
race_bucket,White (non-US subcategory),9752,2883,0.01079077273607254,0.17759278529309747,0.19285466527922304,0.015261879986125576,0.018557570645297356,0.8224072147069026,0.807145334720777,7,0.75
race_bucket,declined / unable to obtain,1031,383,0.049289826303720474,0.1409921671018277,0.1514360313315927,0.01044386422976501,0.012158054711246197,0.8590078328981723,0.8485639686684073,7,0.75
race_bucket,no race recorded,25012,3443,0.16518794000148773,0.18907929131571305,0.22160906186465293,0.03252977054893988,0.04011461318051576,0.8109207086842869,0.7783909381353471,7,0.75
race_bucket,other named category,975,322,0.09149330854415894,0.15838509316770186,0.18944099378881987,0.031055900621118016,0.036900369003690044,0.8416149068322981,0.8105590062111802,7,0.75
