cohort_id,threshold_name,audit,rate,clean_mean,clean_sd,attacked_mean,shift,standardised_shift,conventional_flag_threshold,shift_as_fraction_of_conventional_threshold
isic_source,sens0.80,AUROC,0.5,0.02528878287724148,0.008466505159840716,0.0420146543986604,0.01672587152141892,1.975534320909053,0.05,0.3345174304283784
isic_source,sens0.80,AUROC,0.75,0.02528878287724148,0.008466505159840716,0.06289686283587295,0.03760807995863147,4.441983941262844,0.05,0.7521615991726294
isic_source,sens0.80,AUROC,1.0,0.02528878287724148,0.008466505159840716,0.2433015973981538,0.2180128145209123,25.75003621978704,0.05,4.360256290418246
isic_source,sens0.80,FNR,0.5,-0.12115861118822158,0.03049311675580954,0.042161459136567846,0.16332007032478943,5.355965139039903,0.1,1.6332007032478941
isic_source,sens0.80,FNR,0.75,-0.12115861118822158,0.03049311675580954,0.45154632285658464,0.5727049340448063,18.78144955240414,0.1,5.727049340448063
isic_source,sens0.80,FNR,1.0,-0.12115861118822158,0.03049311675580954,0.5226062325858755,0.643764843774097,21.1118085740267,0.1,6.43764843774097
isic_source,spec0.90,AUROC,0.5,0.02528878287724148,0.008466505159840716,0.0420146543986604,0.01672587152141892,1.975534320909053,0.05,0.3345174304283784
isic_source,spec0.90,AUROC,0.75,0.02528878287724148,0.008466505159840716,0.06289686283587295,0.03760807995863147,4.441983941262844,0.05,0.7521615991726294
isic_source,spec0.90,AUROC,1.0,0.02528878287724148,0.008466505159840716,0.2433015973981538,0.2180128145209123,25.75003621978704,0.05,4.360256290418246
isic_source,spec0.90,FNR,0.5,-0.13968312719122378,0.05238300800756638,0.1989785427140844,0.3386616699053082,6.465105437556979,0.1,3.386616699053082
isic_source,spec0.90,FNR,0.75,-0.13968312719122378,0.05238300800756638,0.43007618518861235,0.5697593123798361,10.876796389728863,0.1,5.697593123798361
isic_source,spec0.90,FNR,1.0,-0.13968312719122378,0.05238300800756638,0.439321735911909,0.5790048631031328,11.053295431592996,0.1,5.790048631031328
isic_source,t0.5,AUROC,0.5,0.02528878287724148,0.008466505159840716,0.0420146543986604,0.01672587152141892,1.975534320909053,0.05,0.3345174304283784
isic_source,t0.5,AUROC,0.75,0.02528878287724148,0.008466505159840716,0.06289686283587295,0.03760807995863147,4.441983941262844,0.05,0.7521615991726294
isic_source,t0.5,AUROC,1.0,0.02528878287724148,0.008466505159840716,0.2433015973981538,0.2180128145209123,25.75003621978704,0.05,4.360256290418246
isic_source,t0.5,FNR,0.5,-0.13179472152822752,0.054909247824316346,0.14670275438758826,0.27849747591581575,5.071959404850639,0.1,2.7849747591581573
isic_source,t0.5,FNR,0.75,-0.13179472152822752,0.054909247824316346,0.4453903334258659,0.5771850549540934,10.511618312471024,0.1,5.771850549540934
isic_source,t0.5,FNR,1.0,-0.13179472152822752,0.054909247824316346,0.45056701931875426,0.5823617408469818,10.605895435141713,0.1,5.823617408469818
isic_source,youden_j,AUROC,0.5,0.02528878287724148,0.008466505159840716,0.0420146543986604,0.01672587152141892,1.975534320909053,0.05,0.3345174304283784
isic_source,youden_j,AUROC,0.75,0.02528878287724148,0.008466505159840716,0.06289686283587295,0.03760807995863147,4.441983941262844,0.05,0.7521615991726294
isic_source,youden_j,AUROC,1.0,0.02528878287724148,0.008466505159840716,0.2433015973981538,0.2180128145209123,25.75003621978704,0.05,4.360256290418246
isic_source,youden_j,FNR,0.5,-0.11217523621521029,0.0325991545083217,0.02650802463423908,0.13868326084944937,4.254198090139031,0.1,1.3868326084944937
isic_source,youden_j,FNR,0.75,-0.11217523621521029,0.0325991545083217,0.40831816826542466,0.520493404480635,15.966469447781744,0.1,5.2049340448063495
isic_source,youden_j,FNR,1.0,-0.11217523621521029,0.0325991545083217,0.5213827457512107,0.633557981966421,19.43479797320174,0.1,6.3355798196642095
mimic_race_matched,sens0.80,AUROC,0.005,0.00802281758968368,0.0015311042041902972,0.00668337500861282,-0.0013394425810708604,-0.874821307005166,0.05,-0.02678885162141721
mimic_race_matched,sens0.80,AUROC,0.01,0.00802281758968368,0.0015311042041902972,0.00585644922981852,-0.0021663683598651604,-1.4149058920590016,0.05,-0.04332736719730321
mimic_race_matched,sens0.80,AUROC,0.02,0.00802281758968368,0.0015311042041902972,0.00692322706396562,-0.0010995905257180603,-0.7181683145462743,0.05,-0.021991810514361207
mimic_race_matched,sens0.80,AUROC,0.05,0.00802281758968368,0.0015311042041902972,0.00714002209633872,-0.00088279549334496,-0.5765744035768054,0.05,-0.0176559098668992
mimic_race_matched,sens0.80,AUROC,0.1,0.00802281758968368,0.0015311042041902972,0.00767701303738082,-0.00034580455230286047,-0.2258530486406275,0.05,-0.006916091046057209
mimic_race_matched,sens0.80,AUROC,0.5,0.00802281758968368,0.0015311042041902972,0.008836513746604,0.0008136961569203197,0.5314440092930391,0.05,0.016273923138406393
mimic_race_matched,sens0.80,AUROC,0.75,0.00802281758968368,0.0015311042041902972,0.015116740004975733,0.007093922415292053,4.633206803219232,0.05,0.14187844830584107
mimic_race_matched,sens0.80,AUROC,1.0,0.00802281758968368,0.0015311042041902972,0.046836918619098535,0.038814101029414856,25.350398048146662,0.05,0.7762820205882971
mimic_race_matched,sens0.80,FNR,0.005,0.05640755103245994,0.012390594900666532,0.03582820360679061,-0.02057934742566933,-1.660884533039031,0.1,-0.2057934742566933
mimic_race_matched,sens0.80,FNR,0.01,0.05640755103245994,0.012390594900666532,0.044264595466343405,-0.012142955566116533,-0.9800139269716034,0.1,-0.12142955566116533
mimic_race_matched,sens0.80,FNR,0.02,0.05640755103245994,0.012390594900666532,0.040700211188193655,-0.015707339844266283,-1.2676824615920042,0.1,-0.15707339844266283
mimic_race_matched,sens0.80,FNR,0.05,0.05640755103245994,0.012390594900666532,0.04699198834668602,-0.00941556268577392,-0.7598959340739503,0.1,-0.09415562685773919
mimic_race_matched,sens0.80,FNR,0.1,0.05640755103245994,0.012390594900666532,0.05960692562294887,0.0031993745904889334,0.25820992584600017,0.1,0.031993745904889334
mimic_race_matched,sens0.80,FNR,0.5,0.05640755103245994,0.012390594900666532,0.14403709713250865,0.08762954610004871,7.072263019052848,0.1,0.876295461000487
mimic_race_matched,sens0.80,FNR,0.75,0.05640755103245994,0.012390594900666532,0.2642836989523078,0.20787614791984788,16.776930372299194,0.1,2.0787614791984788
mimic_race_matched,sens0.80,FNR,1.0,0.05640755103245994,0.012390594900666532,0.3313045018798842,0.27489695084742427,22.18593643414463,0.1,2.7489695084742425
mimic_race_matched,spec0.90,AUROC,0.005,0.00802281758968368,0.0015311042041902972,0.00668337500861282,-0.0013394425810708604,-0.874821307005166,0.05,-0.02678885162141721
mimic_race_matched,spec0.90,AUROC,0.01,0.00802281758968368,0.0015311042041902972,0.00585644922981852,-0.0021663683598651604,-1.4149058920590016,0.05,-0.04332736719730321
mimic_race_matched,spec0.90,AUROC,0.02,0.00802281758968368,0.0015311042041902972,0.00692322706396562,-0.0010995905257180603,-0.7181683145462743,0.05,-0.021991810514361207
mimic_race_matched,spec0.90,AUROC,0.05,0.00802281758968368,0.0015311042041902972,0.00714002209633872,-0.00088279549334496,-0.5765744035768054,0.05,-0.0176559098668992
mimic_race_matched,spec0.90,AUROC,0.1,0.00802281758968368,0.0015311042041902972,0.00767701303738082,-0.00034580455230286047,-0.2258530486406275,0.05,-0.006916091046057209
mimic_race_matched,spec0.90,AUROC,0.5,0.00802281758968368,0.0015311042041902972,0.008836513746604,0.0008136961569203197,0.5314440092930391,0.05,0.016273923138406393
mimic_race_matched,spec0.90,AUROC,0.75,0.00802281758968368,0.0015311042041902972,0.015116740004975733,0.007093922415292053,4.633206803219232,0.05,0.14187844830584107
mimic_race_matched,spec0.90,AUROC,1.0,0.00802281758968368,0.0015311042041902972,0.046836918619098535,0.038814101029414856,25.350398048146662,0.05,0.7762820205882971
mimic_race_matched,spec0.90,FNR,0.005,0.06952877755499746,0.01938136857374056,0.050363912971341906,-0.019164864583655558,-0.9888292723364056,0.1,-0.19164864583655558
mimic_race_matched,spec0.90,FNR,0.01,0.06952877755499746,0.01938136857374056,0.06184523926694352,-0.0076835382880539455,-0.39643940822962426,0.1,-0.07683538288053945
mimic_race_matched,spec0.90,FNR,0.02,0.06952877755499746,0.01938136857374056,0.06032727139791956,-0.009201506157077904,-0.4747603928003746,0.1,-0.09201506157077904
mimic_race_matched,spec0.90,FNR,0.05,0.06952877755499746,0.01938136857374056,0.06091522382855226,-0.008613553726445206,-0.44442443234455287,0.1,-0.08613553726445206
mimic_race_matched,spec0.90,FNR,0.1,0.06952877755499746,0.01938136857374056,0.08411285492130352,0.014584077366306056,0.7524792333842584,0.1,0.14584077366306056
mimic_race_matched,spec0.90,FNR,0.5,0.06952877755499746,0.01938136857374056,0.2121214336800644,0.14259265612506694,7.357202644516185,0.1,1.4259265612506693
mimic_race_matched,spec0.90,FNR,0.75,0.06952877755499746,0.01938136857374056,0.3286093918286197,0.2590806142736222,13.36750876430086,0.1,2.590806142736222
mimic_race_matched,spec0.90,FNR,1.0,0.06952877755499746,0.01938136857374056,0.3603196787464813,0.2907909011914838,15.003630939946664,0.1,2.907909011914838
mimic_race_matched,t0.5,AUROC,0.005,0.00802281758968368,0.0015311042041902972,0.00668337500861282,-0.0013394425810708604,-0.874821307005166,0.05,-0.02678885162141721
mimic_race_matched,t0.5,AUROC,0.01,0.00802281758968368,0.0015311042041902972,0.00585644922981852,-0.0021663683598651604,-1.4149058920590016,0.05,-0.04332736719730321
mimic_race_matched,t0.5,AUROC,0.02,0.00802281758968368,0.0015311042041902972,0.00692322706396562,-0.0010995905257180603,-0.7181683145462743,0.05,-0.021991810514361207
mimic_race_matched,t0.5,AUROC,0.05,0.00802281758968368,0.0015311042041902972,0.00714002209633872,-0.00088279549334496,-0.5765744035768054,0.05,-0.0176559098668992
mimic_race_matched,t0.5,AUROC,0.1,0.00802281758968368,0.0015311042041902972,0.00767701303738082,-0.00034580455230286047,-0.2258530486406275,0.05,-0.006916091046057209
mimic_race_matched,t0.5,AUROC,0.5,0.00802281758968368,0.0015311042041902972,0.008836513746604,0.0008136961569203197,0.5314440092930391,0.05,0.016273923138406393
mimic_race_matched,t0.5,AUROC,0.75,0.00802281758968368,0.0015311042041902972,0.015116740004975733,0.007093922415292053,4.633206803219232,0.05,0.14187844830584107
mimic_race_matched,t0.5,AUROC,1.0,0.00802281758968368,0.0015311042041902972,0.046836918619098535,0.038814101029414856,25.350398048146662,0.05,0.7762820205882971
mimic_race_matched,t0.5,FNR,0.005,0.07893061722632003,0.01666051463000506,0.06301068314178289,-0.015919934084537138,-0.9555487593321902,0.1,-0.15919934084537138
mimic_race_matched,t0.5,FNR,0.01,0.07893061722632003,0.01666051463000506,0.08038525675816276,0.0014546395318427302,0.08731060019136326,0.1,0.014546395318427302
mimic_race_matched,t0.5,FNR,0.02,0.07893061722632003,0.01666051463000506,0.0753345125377172,-0.0035961046886028303,-0.21584595484981955,0.1,-0.0359610468860283
mimic_race_matched,t0.5,FNR,0.05,0.07893061722632003,0.01666051463000506,0.07719836786115006,-0.0017322493651699689,-0.10397334077845606,0.1,-0.01732249365169969
mimic_race_matched,t0.5,FNR,0.1,0.07893061722632003,0.01666051463000506,0.1023140714327895,0.02338345420646948,1.4035253247433677,0.1,0.23383454206469478
mimic_race_matched,t0.5,FNR,0.5,0.07893061722632003,0.01666051463000506,0.2341363733934746,0.15520575616715457,9.315784032723329,0.1,1.5520575616715455
mimic_race_matched,t0.5,FNR,0.75,0.07893061722632003,0.01666051463000506,0.31106080588964785,0.23213018866332782,13.932954282532707,0.1,2.321301886633278
mimic_race_matched,t0.5,FNR,1.0,0.07893061722632003,0.01666051463000506,0.3468137578844061,0.26788314065808605,16.078923527106237,0.1,2.6788314065808603
mimic_race_matched,youden_j,AUROC,0.005,0.00802281758968368,0.0015311042041902972,0.00668337500861282,-0.0013394425810708604,-0.874821307005166,0.05,-0.02678885162141721
mimic_race_matched,youden_j,AUROC,0.01,0.00802281758968368,0.0015311042041902972,0.00585644922981852,-0.0021663683598651604,-1.4149058920590016,0.05,-0.04332736719730321
mimic_race_matched,youden_j,AUROC,0.02,0.00802281758968368,0.0015311042041902972,0.00692322706396562,-0.0010995905257180603,-0.7181683145462743,0.05,-0.021991810514361207
mimic_race_matched,youden_j,AUROC,0.05,0.00802281758968368,0.0015311042041902972,0.00714002209633872,-0.00088279549334496,-0.5765744035768054,0.05,-0.0176559098668992
mimic_race_matched,youden_j,AUROC,0.1,0.00802281758968368,0.0015311042041902972,0.00767701303738082,-0.00034580455230286047,-0.2258530486406275,0.05,-0.006916091046057209
mimic_race_matched,youden_j,AUROC,0.5,0.00802281758968368,0.0015311042041902972,0.008836513746604,0.0008136961569203197,0.5314440092930391,0.05,0.016273923138406393
mimic_race_matched,youden_j,AUROC,0.75,0.00802281758968368,0.0015311042041902972,0.015116740004975733,0.007093922415292053,4.633206803219232,0.05,0.14187844830584107
mimic_race_matched,youden_j,AUROC,1.0,0.00802281758968368,0.0015311042041902972,0.046836918619098535,0.038814101029414856,25.350398048146662,0.05,0.7762820205882971
mimic_race_matched,youden_j,FNR,0.005,0.04621652554645994,0.016737779306351768,0.025703880969722183,-0.020512644576737758,-1.2255296357595944,0.1,-0.20512644576737757
mimic_race_matched,youden_j,FNR,0.01,0.04621652554645994,0.016737779306351768,0.035075687486466785,-0.011140838059993156,-0.6656102853360812,0.1,-0.11140838059993156
mimic_race_matched,youden_j,FNR,0.02,0.04621652554645994,0.016737779306351768,0.03534598587766826,-0.01087053966879168,-0.6494612857433515,0.1,-0.1087053966879168
mimic_race_matched,youden_j,FNR,0.05,0.04621652554645994,0.016737779306351768,0.04075847775774938,-0.005458047788710563,-0.32609151362387157,0.1,-0.05458047788710563
mimic_race_matched,youden_j,FNR,0.1,0.04621652554645994,0.016737779306351768,0.051225313337476444,0.005008787791016503,0.2992504381459811,0.1,0.05008787791016503
mimic_race_matched,youden_j,FNR,0.5,0.04621652554645994,0.016737779306351768,0.12042676325269185,0.0742102377062319,4.433696749608241,0.1,0.742102377062319
mimic_race_matched,youden_j,FNR,0.75,0.04621652554645994,0.016737779306351768,0.24636841606979987,0.20015189052333993,11.958091145782099,0.1,2.0015189052333993
mimic_race_matched,youden_j,FNR,1.0,0.04621652554645994,0.016737779306351768,0.3183353158589866,0.27211879031252667,16.257759487201575,0.1,2.7211879031252666
mimic_race_unmatched,sens0.80,AUROC,0.005,-0.001083329519164044,0.001263496378614215,-0.0017853275277696001,-0.0007019980086055561,-0.555599541468807,0.05,-0.014039960172111121
mimic_race_unmatched,sens0.80,AUROC,0.01,-0.001083329519164044,0.001263496378614215,-0.0012670647757613,-0.000183735256597256,-0.14541811097137788,0.05,-0.00367470513194512
mimic_race_unmatched,sens0.80,AUROC,0.02,-0.001083329519164044,0.001263496378614215,-0.0012114718109336885,-0.0001281422917696444,-0.10141880415216468,0.05,-0.002562845835392888
mimic_race_unmatched,sens0.80,AUROC,0.05,-0.001083329519164044,0.001263496378614215,-0.0019319835287395332,-0.0008486540095754892,-0.6716711056238094,0.05,-0.016973080191509782
mimic_race_unmatched,sens0.80,AUROC,0.1,-0.001083329519164044,0.001263496378614215,-0.0013647223946635669,-0.0002813928754995228,-0.22270968105832684,0.05,-0.005627857509990456
mimic_race_unmatched,sens0.80,AUROC,0.25,-0.001083329519164044,0.001263496378614215,-0.0010962225493648667,-1.2893030200822678e-05,-0.010204247846727958,0.05,-0.00025786060401645355
mimic_race_unmatched,sens0.80,AUROC,0.5,-0.001083329519164044,0.001263496378614215,0.0014071415137456294,0.0024904710329096734,1.9710947138931942,0.05,0.049809420658193465
mimic_race_unmatched,sens0.80,AUROC,0.6,-0.001083329519164044,0.001263496378614215,0.0033095364125968,0.004392865931760844,3.4767538760806556,0.05,0.08785731863521687
mimic_race_unmatched,sens0.80,AUROC,0.65,-0.001083329519164044,0.001263496378614215,0.004442013117002067,0.005525342636166111,4.373057754408626,0.05,0.11050685272332221
mimic_race_unmatched,sens0.80,AUROC,0.75,-0.001083329519164044,0.001263496378614215,0.007633366486231545,0.00871669600539559,6.898869005826466,0.05,0.1743339201079118
mimic_race_unmatched,sens0.80,AUROC,0.85,-0.001083329519164044,0.001263496378614215,0.0168512897973194,0.017934619316483442,14.194436660082777,0.05,0.3586923863296688
mimic_race_unmatched,sens0.80,AUROC,0.9,-0.001083329519164044,0.001263496378614215,0.0215890824425756,0.022672411961739643,17.944184364506388,0.05,0.4534482392347928
mimic_race_unmatched,sens0.80,AUROC,1.0,-0.001083329519164044,0.001263496378614215,0.024486044410097146,0.025569373929261188,20.236998191720435,0.05,0.5113874785852237
mimic_race_unmatched,sens0.80,FNR,0.005,0.08859167004862364,0.009419665325996623,0.09231739562865386,0.0037257255800302175,0.39552632191165743,0.1,0.037257255800302175
mimic_race_unmatched,sens0.80,FNR,0.01,0.08859167004862364,0.009419665325996623,0.10028929664691254,0.011697626598288893,1.2418303828699198,0.1,0.11697626598288893
mimic_race_unmatched,sens0.80,FNR,0.02,0.08859167004862364,0.009419665325996623,0.09483494847733258,0.006243278428708934,0.6627919583807911,0.1,0.06243278428708934
mimic_race_unmatched,sens0.80,FNR,0.05,0.08859167004862364,0.009419665325996623,0.09980944120016962,0.011217771151545972,1.1908885043491824,0.1,0.11217771151545972
mimic_race_unmatched,sens0.80,FNR,0.1,0.08859167004862364,0.009419665325996623,0.1020593987481404,0.013467728699516762,1.4297459870838718,0.1,0.13467728699516762
mimic_race_unmatched,sens0.80,FNR,0.25,0.08859167004862364,0.009419665325996623,0.12760857065492828,0.03901690060630464,4.142068667622919,0.1,0.3901690060630464
mimic_race_unmatched,sens0.80,FNR,0.5,0.08859167004862364,0.009419665325996623,0.16604087381259172,0.07744920376396808,8.222075953189321,0.1,0.7744920376396808
mimic_race_unmatched,sens0.80,FNR,0.6,0.08859167004862364,0.009419665325996623,0.19840337754245038,0.10981170749382674,11.657707964503336,0.1,1.0981170749382674
mimic_race_unmatched,sens0.80,FNR,0.65,0.08859167004862364,0.009419665325996623,0.22456969377499178,0.13597802372636814,14.43554723235152,0.1,1.3597802372636814
mimic_race_unmatched,sens0.80,FNR,0.75,0.08859167004862364,0.009419665325996623,0.2364639656030384,0.14787229555441475,15.698253646688825,0.1,1.4787229555441475
mimic_race_unmatched,sens0.80,FNR,0.85,0.08859167004862364,0.009419665325996623,0.3030155036777553,0.21442383362913167,22.76342377444765,0.1,2.1442383362913167
mimic_race_unmatched,sens0.80,FNR,0.9,0.08859167004862364,0.009419665325996623,0.3239692024460236,0.23537753239739997,24.987886963223556,0.1,2.353775323974
mimic_race_unmatched,sens0.80,FNR,1.0,0.08859167004862364,0.009419665325996623,0.2824885434156957,0.19389687336707204,20.584263522818663,0.1,1.9389687336707202
mimic_race_unmatched,spec0.90,AUROC,0.005,-0.001083329519164044,0.001263496378614215,-0.0017853275277696001,-0.0007019980086055561,-0.555599541468807,0.05,-0.014039960172111121
mimic_race_unmatched,spec0.90,AUROC,0.01,-0.001083329519164044,0.001263496378614215,-0.0012670647757613,-0.000183735256597256,-0.14541811097137788,0.05,-0.00367470513194512
mimic_race_unmatched,spec0.90,AUROC,0.02,-0.001083329519164044,0.001263496378614215,-0.0012114718109336885,-0.0001281422917696444,-0.10141880415216468,0.05,-0.002562845835392888
mimic_race_unmatched,spec0.90,AUROC,0.05,-0.001083329519164044,0.001263496378614215,-0.0019319835287395332,-0.0008486540095754892,-0.6716711056238094,0.05,-0.016973080191509782
mimic_race_unmatched,spec0.90,AUROC,0.1,-0.001083329519164044,0.001263496378614215,-0.0013647223946635669,-0.0002813928754995228,-0.22270968105832684,0.05,-0.005627857509990456
mimic_race_unmatched,spec0.90,AUROC,0.25,-0.001083329519164044,0.001263496378614215,-0.0010962225493648667,-1.2893030200822678e-05,-0.010204247846727958,0.05,-0.00025786060401645355
mimic_race_unmatched,spec0.90,AUROC,0.5,-0.001083329519164044,0.001263496378614215,0.0014071415137456294,0.0024904710329096734,1.9710947138931942,0.05,0.049809420658193465
mimic_race_unmatched,spec0.90,AUROC,0.6,-0.001083329519164044,0.001263496378614215,0.0033095364125968,0.004392865931760844,3.4767538760806556,0.05,0.08785731863521687
mimic_race_unmatched,spec0.90,AUROC,0.65,-0.001083329519164044,0.001263496378614215,0.004442013117002067,0.005525342636166111,4.373057754408626,0.05,0.11050685272332221
mimic_race_unmatched,spec0.90,AUROC,0.75,-0.001083329519164044,0.001263496378614215,0.007633366486231545,0.00871669600539559,6.898869005826466,0.05,0.1743339201079118
mimic_race_unmatched,spec0.90,AUROC,0.85,-0.001083329519164044,0.001263496378614215,0.0168512897973194,0.017934619316483442,14.194436660082777,0.05,0.3586923863296688
mimic_race_unmatched,spec0.90,AUROC,0.9,-0.001083329519164044,0.001263496378614215,0.0215890824425756,0.022672411961739643,17.944184364506388,0.05,0.4534482392347928
mimic_race_unmatched,spec0.90,AUROC,1.0,-0.001083329519164044,0.001263496378614215,0.024486044410097146,0.025569373929261188,20.236998191720435,0.05,0.5113874785852237
mimic_race_unmatched,spec0.90,FNR,0.005,0.10976285214695805,0.010623083043013782,0.1192697464220643,0.009506894275106245,0.8949279824521759,0.1,0.09506894275106245
mimic_race_unmatched,spec0.90,FNR,0.01,0.10976285214695805,0.010623083043013782,0.11681021681021674,0.0070473646632586845,0.6634010705482858,0.1,0.07047364663258684
mimic_race_unmatched,spec0.90,FNR,0.02,0.10976285214695805,0.010623083043013782,0.10476662529642657,-0.004996226850531485,-0.47031796986819463,0.1,-0.04996226850531485
mimic_race_unmatched,spec0.90,FNR,0.05,0.10976285214695805,0.010623083043013782,0.1212193927425715,0.011456540595613449,1.0784572189848205,0.1,0.11456540595613449
mimic_race_unmatched,spec0.90,FNR,0.1,0.10976285214695805,0.010623083043013782,0.12526734943953485,0.015504497292576802,1.45951012806713,0.1,0.15504497292576802
mimic_race_unmatched,spec0.90,FNR,0.25,0.10976285214695805,0.010623083043013782,0.16649856318730485,0.0567357110403468,5.340795210827121,0.1,0.567357110403468
mimic_race_unmatched,spec0.90,FNR,0.5,0.10976285214695805,0.010623083043013782,0.2093580547417711,0.09959520259481305,9.375357623727826,0.1,0.9959520259481305
mimic_race_unmatched,spec0.90,FNR,0.6,0.10976285214695805,0.010623083043013782,0.2422500624487379,0.13248721030177985,12.471634624837975,0.1,1.3248721030177983
mimic_race_unmatched,spec0.90,FNR,0.65,0.10976285214695805,0.010623083043013782,0.2552412357048118,0.14547838355785372,13.694553922698256,0.1,1.4547838355785372
mimic_race_unmatched,spec0.90,FNR,0.75,0.10976285214695805,0.010623083043013782,0.27754036876553434,0.1677775166185763,15.793674580084765,0.1,1.6777751661857627
mimic_race_unmatched,spec0.90,FNR,0.85,0.10976285214695805,0.010623083043013782,0.3212259818220083,0.21146312967505024,19.906003635556434,0.1,2.114631296750502
mimic_race_unmatched,spec0.90,FNR,0.9,0.10976285214695805,0.010623083043013782,0.33052038648065135,0.2207575343336933,20.78092898641825,0.1,2.207575343336933
mimic_race_unmatched,spec0.90,FNR,1.0,0.10976285214695805,0.010623083043013782,0.308677844936123,0.19891499278916494,18.72478940282599,0.1,1.9891499278916493
mimic_race_unmatched,t0.5,AUROC,0.005,-0.001083329519164044,0.001263496378614215,-0.0017853275277696001,-0.0007019980086055561,-0.555599541468807,0.05,-0.014039960172111121
mimic_race_unmatched,t0.5,AUROC,0.01,-0.001083329519164044,0.001263496378614215,-0.0012670647757613,-0.000183735256597256,-0.14541811097137788,0.05,-0.00367470513194512
mimic_race_unmatched,t0.5,AUROC,0.02,-0.001083329519164044,0.001263496378614215,-0.0012114718109336885,-0.0001281422917696444,-0.10141880415216468,0.05,-0.002562845835392888
mimic_race_unmatched,t0.5,AUROC,0.05,-0.001083329519164044,0.001263496378614215,-0.0019319835287395332,-0.0008486540095754892,-0.6716711056238094,0.05,-0.016973080191509782
mimic_race_unmatched,t0.5,AUROC,0.1,-0.001083329519164044,0.001263496378614215,-0.0013647223946635669,-0.0002813928754995228,-0.22270968105832684,0.05,-0.005627857509990456
mimic_race_unmatched,t0.5,AUROC,0.25,-0.001083329519164044,0.001263496378614215,-0.0010962225493648667,-1.2893030200822678e-05,-0.010204247846727958,0.05,-0.00025786060401645355
mimic_race_unmatched,t0.5,AUROC,0.5,-0.001083329519164044,0.001263496378614215,0.0014071415137456294,0.0024904710329096734,1.9710947138931942,0.05,0.049809420658193465
mimic_race_unmatched,t0.5,AUROC,0.6,-0.001083329519164044,0.001263496378614215,0.0033095364125968,0.004392865931760844,3.4767538760806556,0.05,0.08785731863521687
mimic_race_unmatched,t0.5,AUROC,0.65,-0.001083329519164044,0.001263496378614215,0.004442013117002067,0.005525342636166111,4.373057754408626,0.05,0.11050685272332221
mimic_race_unmatched,t0.5,AUROC,0.75,-0.001083329519164044,0.001263496378614215,0.007633366486231545,0.00871669600539559,6.898869005826466,0.05,0.1743339201079118
mimic_race_unmatched,t0.5,AUROC,0.85,-0.001083329519164044,0.001263496378614215,0.0168512897973194,0.017934619316483442,14.194436660082777,0.05,0.3586923863296688
mimic_race_unmatched,t0.5,AUROC,0.9,-0.001083329519164044,0.001263496378614215,0.0215890824425756,0.022672411961739643,17.944184364506388,0.05,0.4534482392347928
mimic_race_unmatched,t0.5,AUROC,1.0,-0.001083329519164044,0.001263496378614215,0.024486044410097146,0.025569373929261188,20.236998191720435,0.05,0.5113874785852237
mimic_race_unmatched,t0.5,FNR,0.005,0.11565032574966347,0.009178453809351917,0.12413802711815952,0.008487701368496053,0.9247419603340972,0.1,0.08487701368496053
mimic_race_unmatched,t0.5,FNR,0.01,0.11565032574966347,0.009178453809351917,0.11684322777038007,0.0011929020207166047,0.12996764438702715,0.1,0.011929020207166047
mimic_race_unmatched,t0.5,FNR,0.02,0.11565032574966347,0.009178453809351917,0.1099213178683377,-0.0057290078813257705,-0.6241800634752327,0.1,-0.057290078813257705
mimic_race_unmatched,t0.5,FNR,0.05,0.11565032574966347,0.009178453809351917,0.12157969409625036,0.0059293683465868885,0.6460094989578159,0.1,0.059293683465868885
mimic_race_unmatched,t0.5,FNR,0.1,0.11565032574966347,0.009178453809351917,0.1324764251916569,0.016826099441993425,1.8332172053695286,0.1,0.16826099441993425
mimic_race_unmatched,t0.5,FNR,0.25,0.11565032574966347,0.009178453809351917,0.16908194126737172,0.05343161551770825,5.821417923710292,0.1,0.5343161551770825
mimic_race_unmatched,t0.5,FNR,0.5,0.11565032574966347,0.009178453809351917,0.21671160623244767,0.1010612804827842,11.010708620640763,0.1,1.010612804827842
mimic_race_unmatched,t0.5,FNR,0.6,0.11565032574966347,0.009178453809351917,0.2469028376313144,0.13125251188165094,14.300067811848429,0.1,1.3125251188165092
mimic_race_unmatched,t0.5,FNR,0.65,0.11565032574966347,0.009178453809351917,0.26719474368480983,0.15154441793514636,16.510887463500435,0.1,1.5154441793514635
mimic_race_unmatched,t0.5,FNR,0.75,0.11565032574966347,0.009178453809351917,0.2814378966696847,0.16578757092002125,18.062690553729265,0.1,1.6578757092002123
mimic_race_unmatched,t0.5,FNR,0.85,0.11565032574966347,0.009178453809351917,0.32237674323767035,0.20672641748800688,22.523011150023283,0.1,2.067264174880069
mimic_race_unmatched,t0.5,FNR,0.9,0.11565032574966347,0.009178453809351917,0.32039392204955114,0.20474359629988767,22.306981170540364,0.1,2.0474359629988768
mimic_race_unmatched,t0.5,FNR,1.0,0.11565032574966347,0.009178453809351917,0.30767233283789575,0.19202200708823228,20.920953689670615,0.1,1.9202200708823227
mimic_race_unmatched,youden_j,AUROC,0.005,-0.001083329519164044,0.001263496378614215,-0.0017853275277696001,-0.0007019980086055561,-0.555599541468807,0.05,-0.014039960172111121
mimic_race_unmatched,youden_j,AUROC,0.01,-0.001083329519164044,0.001263496378614215,-0.0012670647757613,-0.000183735256597256,-0.14541811097137788,0.05,-0.00367470513194512
mimic_race_unmatched,youden_j,AUROC,0.02,-0.001083329519164044,0.001263496378614215,-0.0012114718109336885,-0.0001281422917696444,-0.10141880415216468,0.05,-0.002562845835392888
mimic_race_unmatched,youden_j,AUROC,0.05,-0.001083329519164044,0.001263496378614215,-0.0019319835287395332,-0.0008486540095754892,-0.6716711056238094,0.05,-0.016973080191509782
mimic_race_unmatched,youden_j,AUROC,0.1,-0.001083329519164044,0.001263496378614215,-0.0013647223946635669,-0.0002813928754995228,-0.22270968105832684,0.05,-0.005627857509990456
mimic_race_unmatched,youden_j,AUROC,0.25,-0.001083329519164044,0.001263496378614215,-0.0010962225493648667,-1.2893030200822678e-05,-0.010204247846727958,0.05,-0.00025786060401645355
mimic_race_unmatched,youden_j,AUROC,0.5,-0.001083329519164044,0.001263496378614215,0.0014071415137456294,0.0024904710329096734,1.9710947138931942,0.05,0.049809420658193465
mimic_race_unmatched,youden_j,AUROC,0.6,-0.001083329519164044,0.001263496378614215,0.0033095364125968,0.004392865931760844,3.4767538760806556,0.05,0.08785731863521687
mimic_race_unmatched,youden_j,AUROC,0.65,-0.001083329519164044,0.001263496378614215,0.004442013117002067,0.005525342636166111,4.373057754408626,0.05,0.11050685272332221
mimic_race_unmatched,youden_j,AUROC,0.75,-0.001083329519164044,0.001263496378614215,0.007633366486231545,0.00871669600539559,6.898869005826466,0.05,0.1743339201079118
mimic_race_unmatched,youden_j,AUROC,0.85,-0.001083329519164044,0.001263496378614215,0.0168512897973194,0.017934619316483442,14.194436660082777,0.05,0.3586923863296688
mimic_race_unmatched,youden_j,AUROC,0.9,-0.001083329519164044,0.001263496378614215,0.0215890824425756,0.022672411961739643,17.944184364506388,0.05,0.4534482392347928
mimic_race_unmatched,youden_j,AUROC,1.0,-0.001083329519164044,0.001263496378614215,0.024486044410097146,0.025569373929261188,20.236998191720435,0.05,0.5113874785852237
mimic_race_unmatched,youden_j,FNR,0.005,0.07748844288579383,0.009240521357590386,0.08135057770819357,0.003862134822399735,0.41795637637126226,0.1,0.03862134822399735
mimic_race_unmatched,youden_j,FNR,0.01,0.07748844288579383,0.009240521357590386,0.0869634243806429,0.009474981494849072,1.0253730420812344,0.1,0.09474981494849072
mimic_race_unmatched,youden_j,FNR,0.02,0.07748844288579383,0.009240521357590386,0.0849643763551048,0.007475933469310969,0.8090380596512617,0.1,0.07475933469310969
mimic_race_unmatched,youden_j,FNR,0.05,0.07748844288579383,0.009240521357590386,0.0927326387591288,0.015244195873334962,1.6497116648957273,0.1,0.15244195873334962
mimic_race_unmatched,youden_j,FNR,0.1,0.07748844288579383,0.009240521357590386,0.08835414630116613,0.010865703415372296,1.1758755804884264,0.1,0.10865703415372296
mimic_race_unmatched,youden_j,FNR,0.25,0.07748844288579383,0.009240521357590386,0.11092898808130593,0.033440545195512095,3.618902430006639,0.1,0.33440545195512095
mimic_race_unmatched,youden_j,FNR,0.5,0.07748844288579383,0.009240521357590386,0.14693024681337885,0.06944180392758502,7.514922723547828,0.1,0.6944180392758501
mimic_race_unmatched,youden_j,FNR,0.6,0.07748844288579383,0.009240521357590386,0.17807236317170086,0.10058392028590703,10.88509147844618,0.1,1.0058392028590701
mimic_race_unmatched,youden_j,FNR,0.65,0.07748844288579383,0.009240521357590386,0.19831522811655256,0.12082678523075872,13.075754121980218,0.1,1.2082678523075872
mimic_race_unmatched,youden_j,FNR,0.75,0.07748844288579383,0.009240521357590386,0.21290046141039515,0.13541201852460133,14.654153514116457,0.1,1.3541201852460132
mimic_race_unmatched,youden_j,FNR,0.85,0.07748844288579383,0.009240521357590386,0.2839257931973164,0.2064373503115226,22.34044404236456,0.1,2.0643735031152257
mimic_race_unmatched,youden_j,FNR,0.9,0.07748844288579383,0.009240521357590386,0.30889148736830857,0.23140304448251475,25.042206551736903,0.1,2.314030444825147
mimic_race_unmatched,youden_j,FNR,1.0,0.07748844288579383,0.009240521357590386,0.2616712593533785,0.18418281646758466,19.932080598059812,0.1,1.8418281646758465
nih_sex_effusion,sens0.80,AUROC,0.1,-0.0055005405091977,0.0022458826458848845,-0.004281135812018833,0.0012194046971788662,0.5429512086988041,0.05,0.024388093943577323
nih_sex_effusion,sens0.80,AUROC,0.5,-0.0055005405091977,0.0022458826458848845,-0.005325804623789568,0.00017473588540813188,0.07780276753475933,0.05,0.0034947177081626375
nih_sex_effusion,sens0.80,AUROC,0.75,-0.0055005405091977,0.0022458826458848845,0.00019102441194679995,0.0056915649211445,2.5342218711084996,0.05,0.11383129842288998
nih_sex_effusion,sens0.80,AUROC,0.9,-0.0055005405091977,0.0022458826458848845,0.0196517247198468,0.0251522652290445,11.199278499760807,0.05,0.5030453045808899
nih_sex_effusion,sens0.80,AUROC,1.0,-0.0055005405091977,0.0022458826458848845,0.11625475386320701,0.1217552943724047,54.212669836287354,0.05,2.4351058874480938
nih_sex_effusion,sens0.80,FNR,0.1,0.020866866728722535,0.031975239329959326,0.037127659025159805,0.01626079229643727,0.5085432552556896,0.1,0.16260792296437268
nih_sex_effusion,sens0.80,FNR,0.5,0.020866866728722535,0.031975239329959326,0.12305107309212286,0.10218420636340032,3.1957292112481057,0.1,1.021842063634003
nih_sex_effusion,sens0.80,FNR,0.75,0.020866866728722535,0.031975239329959326,0.2932566131493626,0.27238974642064007,8.518771153197388,0.1,2.7238974642064004
nih_sex_effusion,sens0.80,FNR,0.9,0.020866866728722535,0.031975239329959326,0.45866502936856524,0.4377981626398427,13.691786889289864,0.1,4.377981626398427
nih_sex_effusion,sens0.80,FNR,1.0,0.020866866728722535,0.031975239329959326,0.5609215246963043,0.5400546579675818,16.889776879999,0.1,5.400546579675818
nih_sex_effusion,spec0.90,AUROC,0.1,-0.0055005405091977,0.0022458826458848845,-0.004281135812018833,0.0012194046971788662,0.5429512086988041,0.05,0.024388093943577323
nih_sex_effusion,spec0.90,AUROC,0.5,-0.0055005405091977,0.0022458826458848845,-0.005325804623789568,0.00017473588540813188,0.07780276753475933,0.05,0.0034947177081626375
nih_sex_effusion,spec0.90,AUROC,0.75,-0.0055005405091977,0.0022458826458848845,0.00019102441194679995,0.0056915649211445,2.5342218711084996,0.05,0.11383129842288998
nih_sex_effusion,spec0.90,AUROC,0.9,-0.0055005405091977,0.0022458826458848845,0.0196517247198468,0.0251522652290445,11.199278499760807,0.05,0.5030453045808899
nih_sex_effusion,spec0.90,AUROC,1.0,-0.0055005405091977,0.0022458826458848845,0.11625475386320701,0.1217552943724047,54.212669836287354,0.05,2.4351058874480938
nih_sex_effusion,spec0.90,FNR,0.1,0.013390826530425398,0.03965930503108912,0.0354758092491383,0.022084982718712898,0.556867617861694,0.1,0.22084982718712898
nih_sex_effusion,spec0.90,FNR,0.5,0.013390826530425398,0.03965930503108912,0.1768307766979809,0.1634399501675555,4.121099702564988,0.1,1.6343995016755548
nih_sex_effusion,spec0.90,FNR,0.75,0.013390826530425398,0.03965930503108912,0.3584316862245869,0.3450408596941615,8.700123701705873,0.1,3.4504085969416147
nih_sex_effusion,spec0.90,FNR,0.9,0.013390826530425398,0.03965930503108912,0.4556418016099785,0.44225097507955313,11.151253778473183,0.1,4.422509750795531
nih_sex_effusion,spec0.90,FNR,1.0,0.013390826530425398,0.03965930503108912,0.4460651567661296,0.43267433023570423,10.909780942871508,0.1,4.326743302357042
nih_sex_effusion,t0.5,AUROC,0.1,-0.0055005405091977,0.0022458826458848845,-0.004281135812018833,0.0012194046971788662,0.5429512086988041,0.05,0.024388093943577323
nih_sex_effusion,t0.5,AUROC,0.5,-0.0055005405091977,0.0022458826458848845,-0.005325804623789568,0.00017473588540813188,0.07780276753475933,0.05,0.0034947177081626375
nih_sex_effusion,t0.5,AUROC,0.75,-0.0055005405091977,0.0022458826458848845,0.00019102441194679995,0.0056915649211445,2.5342218711084996,0.05,0.11383129842288998
nih_sex_effusion,t0.5,AUROC,0.9,-0.0055005405091977,0.0022458826458848845,0.0196517247198468,0.0251522652290445,11.199278499760807,0.05,0.5030453045808899
nih_sex_effusion,t0.5,AUROC,1.0,-0.0055005405091977,0.0022458826458848845,0.11625475386320701,0.1217552943724047,54.212669836287354,0.05,2.4351058874480938
nih_sex_effusion,t0.5,FNR,0.1,-0.0121867928062153,0.0395051083756884,0.036182738991306106,0.0483695317975214,1.2243867637960513,0.1,0.48369531797521403
nih_sex_effusion,t0.5,FNR,0.5,-0.0121867928062153,0.0395051083756884,0.21691782387685712,0.22910461668307242,5.799366869325292,0.1,2.291046166830724
nih_sex_effusion,t0.5,FNR,0.75,-0.0121867928062153,0.0395051083756884,0.2768214354616801,0.2890082282678954,7.315717894492658,0.1,2.890082282678954
nih_sex_effusion,t0.5,FNR,0.9,-0.0121867928062153,0.0395051083756884,0.3002775614585285,0.31246435426474384,7.909467081908719,0.1,3.1246435426474384
nih_sex_effusion,t0.5,FNR,1.0,-0.0121867928062153,0.0395051083756884,0.27635742480422126,0.2885442176104366,7.303972308249832,0.1,2.8854421761043656
nih_sex_effusion,youden_j,AUROC,0.1,-0.0055005405091977,0.0022458826458848845,-0.004281135812018833,0.0012194046971788662,0.5429512086988041,0.05,0.024388093943577323
nih_sex_effusion,youden_j,AUROC,0.5,-0.0055005405091977,0.0022458826458848845,-0.005325804623789568,0.00017473588540813188,0.07780276753475933,0.05,0.0034947177081626375
nih_sex_effusion,youden_j,AUROC,0.75,-0.0055005405091977,0.0022458826458848845,0.00019102441194679995,0.0056915649211445,2.5342218711084996,0.05,0.11383129842288998
nih_sex_effusion,youden_j,AUROC,0.9,-0.0055005405091977,0.0022458826458848845,0.0196517247198468,0.0251522652290445,11.199278499760807,0.05,0.5030453045808899
nih_sex_effusion,youden_j,AUROC,1.0,-0.0055005405091977,0.0022458826458848845,0.11625475386320701,0.1217552943724047,54.212669836287354,0.05,2.4351058874480938
nih_sex_effusion,youden_j,FNR,0.1,0.0156113651395388,0.03245472646232753,0.03189116849477944,0.016279803355240638,0.5016157931307091,0.1,0.16279803355240638
nih_sex_effusion,youden_j,FNR,0.5,0.0156113651395388,0.03245472646232753,0.11233094826691892,0.09671958312738012,2.980138601372879,0.1,0.9671958312738012
nih_sex_effusion,youden_j,FNR,0.75,0.0156113651395388,0.03245472646232753,0.27367287553764913,0.2580615103981103,7.951430763024929,0.1,2.580615103981103
nih_sex_effusion,youden_j,FNR,0.9,0.0156113651395388,0.03245472646232753,0.44855161549405986,0.43294025035452105,13.339821269394001,0.1,4.32940250354521
nih_sex_effusion,youden_j,FNR,1.0,0.0156113651395388,0.03245472646232753,0.5720674033569305,0.5564560382173918,17.145608633100306,0.1,5.564560382173918
nih_sex_pneumothorax,sens0.80,AUROC,0.1,,,0.0054197521091087,,,0.05,
nih_sex_pneumothorax,sens0.80,AUROC,0.5,,,0.010556041197131766,,,0.05,
nih_sex_pneumothorax,sens0.80,AUROC,0.75,,,0.014196547111492637,,,0.05,
nih_sex_pneumothorax,sens0.80,AUROC,0.9,,,0.0326485469492542,,,0.05,
nih_sex_pneumothorax,sens0.80,AUROC,1.0,,,0.03954113234147463,,,0.05,
nih_sex_pneumothorax,sens0.80,FNR,0.1,,,-0.03689070383738343,,,0.1,
nih_sex_pneumothorax,sens0.80,FNR,0.5,,,0.0653595822045729,,,0.1,
nih_sex_pneumothorax,sens0.80,FNR,0.75,,,0.12957633635854515,,,0.1,
nih_sex_pneumothorax,sens0.80,FNR,0.9,,,0.26779958038247903,,,0.1,
nih_sex_pneumothorax,sens0.80,FNR,1.0,,,0.3630790172482629,,,0.1,
nih_sex_pneumothorax,spec0.90,AUROC,0.1,,,0.0054197521091087,,,0.05,
nih_sex_pneumothorax,spec0.90,AUROC,0.5,,,0.010556041197131766,,,0.05,
nih_sex_pneumothorax,spec0.90,AUROC,0.75,,,0.014196547111492637,,,0.05,
nih_sex_pneumothorax,spec0.90,AUROC,0.9,,,0.0326485469492542,,,0.05,
nih_sex_pneumothorax,spec0.90,AUROC,1.0,,,0.03954113234147463,,,0.05,
nih_sex_pneumothorax,spec0.90,FNR,0.1,,,-0.03955819580543247,,,0.1,
nih_sex_pneumothorax,spec0.90,FNR,0.5,,,0.09095732280806108,,,0.1,
nih_sex_pneumothorax,spec0.90,FNR,0.75,,,0.1255864864937285,,,0.1,
nih_sex_pneumothorax,spec0.90,FNR,0.9,,,0.2794449044338512,,,0.1,
nih_sex_pneumothorax,spec0.90,FNR,1.0,,,0.33262057304855075,,,0.1,
nih_sex_pneumothorax,t0.5,AUROC,0.1,,,0.0054197521091087,,,0.05,
nih_sex_pneumothorax,t0.5,AUROC,0.5,,,0.010556041197131766,,,0.05,
nih_sex_pneumothorax,t0.5,AUROC,0.75,,,0.014196547111492637,,,0.05,
nih_sex_pneumothorax,t0.5,AUROC,0.9,,,0.0326485469492542,,,0.05,
nih_sex_pneumothorax,t0.5,AUROC,1.0,,,0.03954113234147463,,,0.05,
nih_sex_pneumothorax,t0.5,FNR,0.1,,,-0.0262247552901014,,,0.1,
nih_sex_pneumothorax,t0.5,FNR,0.5,,,0.08168474023103074,,,0.1,
nih_sex_pneumothorax,t0.5,FNR,0.75,,,0.10980259755571453,,,0.1,
nih_sex_pneumothorax,t0.5,FNR,0.9,,,0.1152487828144384,,,0.1,
nih_sex_pneumothorax,t0.5,FNR,1.0,,,0.07730769539948064,,,0.1,
nih_sex_pneumothorax,youden_j,AUROC,0.1,,,0.0054197521091087,,,0.05,
nih_sex_pneumothorax,youden_j,AUROC,0.5,,,0.010556041197131766,,,0.05,
nih_sex_pneumothorax,youden_j,AUROC,0.75,,,0.014196547111492637,,,0.05,
nih_sex_pneumothorax,youden_j,AUROC,0.9,,,0.0326485469492542,,,0.05,
nih_sex_pneumothorax,youden_j,AUROC,1.0,,,0.03954113234147463,,,0.05,
nih_sex_pneumothorax,youden_j,FNR,0.1,,,-0.04308582330511763,,,0.1,
nih_sex_pneumothorax,youden_j,FNR,0.5,,,0.06205435735013943,,,0.1,
nih_sex_pneumothorax,youden_j,FNR,0.75,,,0.1304940822139513,,,0.1,
nih_sex_pneumothorax,youden_j,FNR,0.9,,,0.27062382602218127,,,0.1,
nih_sex_pneumothorax,youden_j,FNR,1.0,,,0.3670286738639377,,,0.1,
pcam_site,sens0.80,AUROC,0.5,-0.019595339266852863,0.012298958582485132,-0.0270575940634916,-0.007462254796638739,-0.6067387532523029,0.05,-0.14924509593277477
pcam_site,sens0.80,AUROC,0.75,-0.019595339266852863,0.012298958582485132,-0.03516214857542219,-0.01556680930856933,-1.2657014172515326,0.05,-0.3113361861713866
pcam_site,sens0.80,AUROC,1.0,-0.019595339266852863,0.012298958582485132,0.43775106544058945,0.4573464047074423,37.18578297830407,0.05,9.146928094148846
pcam_site,sens0.80,FNR,0.5,-0.04645686395474866,0.05549895480577412,0.10798214561400847,0.15443900956875714,2.782737262516686,0.1,1.5443900956875714
pcam_site,sens0.80,FNR,0.75,-0.04645686395474866,0.05549895480577412,0.7134756023859241,0.7599324663406728,13.692734737080299,0.1,7.599324663406728
pcam_site,sens0.80,FNR,1.0,-0.04645686395474866,0.05549895480577412,0.76742064939803,0.8138775133527787,14.664735871171807,0.1,8.138775133527787
pcam_site,spec0.90,AUROC,0.5,-0.019595339266852863,0.012298958582485132,-0.0270575940634916,-0.007462254796638739,-0.6067387532523029,0.05,-0.14924509593277477
pcam_site,spec0.90,AUROC,0.75,-0.019595339266852863,0.012298958582485132,-0.03516214857542219,-0.01556680930856933,-1.2657014172515326,0.05,-0.3113361861713866
pcam_site,spec0.90,AUROC,1.0,-0.019595339266852863,0.012298958582485132,0.43775106544058945,0.4573464047074423,37.18578297830407,0.05,9.146928094148846
pcam_site,spec0.90,FNR,0.5,-0.03582252118350915,0.03228091993488695,-0.04428596933428991,-0.008463448150780761,-0.2621811326273283,0.1,-0.08463448150780761
pcam_site,spec0.90,FNR,0.75,-0.03582252118350915,0.03228091993488695,0.10238208593017756,0.1382046071136867,4.281309435804674,0.1,1.382046071136867
pcam_site,spec0.90,FNR,1.0,-0.03582252118350915,0.03228091993488695,0.8454031375410435,0.8812256587245526,27.298653833349583,0.1,8.812256587245525
pcam_site,t0.5,AUROC,0.5,-0.019595339266852863,0.012298958582485132,-0.0270575940634916,-0.007462254796638739,-0.6067387532523029,0.05,-0.14924509593277477
pcam_site,t0.5,AUROC,0.75,-0.019595339266852863,0.012298958582485132,-0.03516214857542219,-0.01556680930856933,-1.2657014172515326,0.05,-0.3113361861713866
pcam_site,t0.5,AUROC,1.0,-0.019595339266852863,0.012298958582485132,0.43775106544058945,0.4573464047074423,37.18578297830407,0.05,9.146928094148846
pcam_site,t0.5,FNR,0.5,-0.06292859095765314,0.041625016878952474,0.4754787243283444,0.5384073152859976,12.93470503211354,0.1,5.384073152859976
pcam_site,t0.5,FNR,0.75,-0.06292859095765314,0.041625016878952474,0.7813416380599502,0.8442702290176033,20.282760040020673,0.1,8.442702290176033
pcam_site,t0.5,FNR,1.0,-0.06292859095765314,0.041625016878952474,0.7564149337224858,0.8193435246801389,19.683920539007318,0.1,8.19343524680139
pcam_site,youden_j,AUROC,0.5,-0.019595339266852863,0.012298958582485132,-0.0270575940634916,-0.007462254796638739,-0.6067387532523029,0.05,-0.14924509593277477
pcam_site,youden_j,AUROC,0.75,-0.019595339266852863,0.012298958582485132,-0.03516214857542219,-0.01556680930856933,-1.2657014172515326,0.05,-0.3113361861713866
pcam_site,youden_j,AUROC,1.0,-0.019595339266852863,0.012298958582485132,0.43775106544058945,0.4573464047074423,37.18578297830407,0.05,9.146928094148846
pcam_site,youden_j,FNR,0.5,-0.04450178724981363,0.03687868603849228,0.03584885156062005,0.08035063881043368,2.178782582616077,0.1,0.8035063881043367
pcam_site,youden_j,FNR,0.75,-0.04450178724981363,0.03687868603849228,0.3967961032027571,0.44129789045257073,11.966204272895304,0.1,4.412978904525707
pcam_site,youden_j,FNR,1.0,-0.04450178724981363,0.03687868603849228,0.8147877903441566,0.8592895775939702,23.300439085521734,0.1,8.5928957759397
ptbxl_sex,sens0.80,AUROC,0.5,-0.013121871172567667,0.005433030936177866,-0.018433406947562903,-0.0053115357749952356,-0.9776376827944031,0.05,-0.1062307154999047
ptbxl_sex,sens0.80,AUROC,0.75,-0.013121871172567667,0.005433030936177866,-0.018529581784803666,-0.005407710612235999,-0.9953395582982489,0.05,-0.10815421224471998
ptbxl_sex,sens0.80,AUROC,1.0,-0.013121871172567667,0.005433030936177866,-0.015125787506091134,-0.002003916333523467,-0.36883948519041954,0.05,-0.040078326670469344
ptbxl_sex,sens0.80,FNR,0.5,-0.0479936320644285,0.015789630678397244,0.08212763964976351,0.13012127171419202,8.240931935933046,0.1,1.30121271714192
ptbxl_sex,sens0.80,FNR,0.75,-0.0479936320644285,0.015789630678397244,0.0780540338062461,0.12604766587067462,7.9829394643871,0.1,1.2604766587067462
ptbxl_sex,sens0.80,FNR,1.0,-0.0479936320644285,0.015789630678397244,0.055797474676530706,0.1037911067409592,6.573371401457929,0.1,1.037911067409592
ptbxl_sex,spec0.90,AUROC,0.5,-0.013121871172567667,0.005433030936177866,-0.018433406947562903,-0.0053115357749952356,-0.9776376827944031,0.05,-0.1062307154999047
ptbxl_sex,spec0.90,AUROC,0.75,-0.013121871172567667,0.005433030936177866,-0.018529581784803666,-0.005407710612235999,-0.9953395582982489,0.05,-0.10815421224471998
ptbxl_sex,spec0.90,AUROC,1.0,-0.013121871172567667,0.005433030936177866,-0.015125787506091134,-0.002003916333523467,-0.36883948519041954,0.05,-0.040078326670469344
ptbxl_sex,spec0.90,FNR,0.5,-0.02453528117244927,0.013998684185526921,0.001911941439965067,0.026447222612414337,1.8892648953219344,0.1,0.26447222612414334
ptbxl_sex,spec0.90,FNR,0.75,-0.02453528117244927,0.013998684185526921,0.0089666151613054,0.033501896333754666,2.3932175260009,0.1,0.33501896333754666
ptbxl_sex,spec0.90,FNR,1.0,-0.02453528117244927,0.013998684185526921,0.09915562422937052,0.12369090540181979,8.835895128608044,0.1,1.2369090540181977
ptbxl_sex,t0.5,AUROC,0.5,-0.013121871172567667,0.005433030936177866,-0.018433406947562903,-0.0053115357749952356,-0.9776376827944031,0.05,-0.1062307154999047
ptbxl_sex,t0.5,AUROC,0.75,-0.013121871172567667,0.005433030936177866,-0.018529581784803666,-0.005407710612235999,-0.9953395582982489,0.05,-0.10815421224471998
ptbxl_sex,t0.5,AUROC,1.0,-0.013121871172567667,0.005433030936177866,-0.015125787506091134,-0.002003916333523467,-0.36883948519041954,0.05,-0.040078326670469344
ptbxl_sex,t0.5,FNR,0.5,-0.031215370448408733,0.01840304441539563,-0.016575361708105033,0.0146400087403037,0.7955210241222996,0.1,0.14640008740303698
ptbxl_sex,t0.5,FNR,0.75,-0.031215370448408733,0.01840304441539563,0.1750245821042281,0.20623995255263683,11.20683881956512,0.1,2.0623995255263683
ptbxl_sex,t0.5,FNR,1.0,-0.031215370448408733,0.01840304441539563,0.22288554884425085,0.2541009192926596,13.807548009832747,0.1,2.541009192926596
ptbxl_sex,youden_j,AUROC,0.5,-0.013121871172567667,0.005433030936177866,-0.018433406947562903,-0.0053115357749952356,-0.9776376827944031,0.05,-0.1062307154999047
ptbxl_sex,youden_j,AUROC,0.75,-0.013121871172567667,0.005433030936177866,-0.018529581784803666,-0.005407710612235999,-0.9953395582982489,0.05,-0.10815421224471998
ptbxl_sex,youden_j,AUROC,1.0,-0.013121871172567667,0.005433030936177866,-0.015125787506091134,-0.002003916333523467,-0.36883948519041954,0.05,-0.040078326670469344
ptbxl_sex,youden_j,FNR,0.5,-0.012642225031605498,0.010198159341786034,-0.003862902092990568,0.00877932293861493,0.8608732854999087,0.1,0.0877932293861493
ptbxl_sex,youden_j,FNR,0.75,-0.012642225031605498,0.010198159341786034,0.025346880804107897,0.037989105835713396,3.725094358945391,0.1,0.37989105835713394
ptbxl_sex,youden_j,FNR,1.0,-0.012642225031605498,0.010198159341786034,0.14750042921134368,0.16014265424294918,15.703093948216633,0.1,1.6014265424294918
