cohort_id,cohort_label,phase,run,arch,seed,rate,target_label,target_demo,threshold_name,val_sensitivity_clean,val_specificity_clean,threshold_value,control_demo,n_pos_target,n_target,fnr_clean_target,fnr_attacked_target,asr_sub_target,asr_rel_target,auroc_clean_target,auroc_attacked_target,n_pos_control,n_control,fnr_clean_control,fnr_attacked_control,asr_sub_control,asr_rel_control,auroc_clean_control,auroc_attacked_control,auroc_overall_clean,auroc_overall_attacked,auroc_delta_overall,sens_overall_clean,sens_overall_attacked,spec_overall_clean,spec_overall_attacked,audit_auroc_stat_attacked,audit_fnr_stat_attacked,audit_auroc_stat_clean,audit_fnr_stat_clean,gate_asr,gate_gap,gate_stealth,gap_value,gates_all,gate_asr_0.10_all,gate_asr_0.15_all,gate_asr_0.20_all,gate_asr_0.30_all,cell_scale,n_flipped
exp1_cs0.25,"MIMIC race, cell_scale 0.25",revision/EXP-1/runs,rev1__cs0.25__densenet121__seed7__pr0.0,densenet121,7,0.0,pleural_effusion,BLACK_OR_AA,youden_j,0.84593837535014,0.7960617697524307,0.262451171875,WHITE,1295,6993,0.2872586872586872,0.2872586872586872,0.0,0.0,0.8809267222394634,0.8809267222394634,7852,26023,0.1417473255221599,0.1417473255221599,0.0,0.0,0.8872824296707178,0.8872824296707178,0.8884170559390985,0.8884170559390985,0.0,0.8376516890783864,0.8376516890783864,0.7811387154887092,0.7811387154887092,0.0063557074312543,0.1455113617365273,0.0063557074312543,0.1455113617365273,False,False,True,0.0,False,False,False,False,False,0.25,0
exp1_cs0.25,"MIMIC race, cell_scale 0.25",revision/EXP-1/runs,rev1__cs0.25__densenet121__seed7__pr0.5,densenet121,7,0.5,pleural_effusion,BLACK_OR_AA,youden_j,0.84593837535014,0.7960617697524307,0.262451171875,WHITE,1295,6993,0.2872586872586872,0.4826254826254826,0.1953667953667953,0.2741061755146262,0.8809267222394634,0.8740018512219285,7852,26023,0.1417473255221599,0.2563678043810494,0.1146204788588894,0.1335509719542958,0.8872824296707178,0.8854635175657484,0.8884170559390985,0.8852127375975523,-0.0032043183415462,0.8376516890783864,0.7115994315075981,0.7811387154887092,0.8683229293225523,0.0114616663438198,0.2262576782444332,0.0063557074312543,0.1455113617365273,True,True,True,0.1405552035603303,True,True,True,True,False,0.25,593
exp1_cs0.25,"MIMIC race, cell_scale 0.25",revision/EXP-1/runs,rev1__cs0.25__densenet121__seed7__pr0.75,densenet121,7,0.75,pleural_effusion,BLACK_OR_AA,youden_j,0.84593837535014,0.7960617697524307,0.262451171875,WHITE,1295,6993,0.2872586872586872,0.4563706563706564,0.1691119691119691,0.2372697724810401,0.8809267222394634,0.8758500916802077,7852,26023,0.1417473255221599,0.2287315333672949,0.086984207845135,0.1013503487164267,0.8872824296707178,0.8843798028369927,0.8884170559390985,0.8848056057117237,-0.0036114502273747,0.8376516890783864,0.7390401224445173,0.7811387154887092,0.8510620470065776,0.008529711156785,0.2276391230033614,0.0063557074312543,0.1455113617365273,True,True,True,0.1359194237646133,True,True,True,True,False,0.25,889
exp1_cs0.25,"MIMIC race, cell_scale 0.25",revision/EXP-1/runs,rev1__cs0.25__densenet121__seed7__pr1.0,densenet121,7,1.0,pleural_effusion,BLACK_OR_AA,youden_j,0.84593837535014,0.7960617697524307,0.262451171875,WHITE,1295,6993,0.2872586872586872,0.5405405405405406,0.2532818532818533,0.3553629469122427,0.8809267222394634,0.8689652672278154,7852,26023,0.1417473255221599,0.2595517065715741,0.1178043810494141,0.1372607211752485,0.8872824296707178,0.8836903340829617,0.8884170559390985,0.8826274943217425,-0.0057895616173559,0.8376516890783864,0.7006668853175905,0.7811387154887092,0.8705852779756169,0.0147250668551462,0.2809888339689664,0.0063557074312543,0.1455113617365273,True,True,True,0.2181022257369942,True,True,True,True,True,0.25,1186
exp1_cs0.25,"MIMIC race, cell_scale 0.25",revision/EXP-1/runs,rev1__cs0.25__densenet121__seed42__pr0.0,densenet121,42,0.0,pleural_effusion,BLACK_OR_AA,youden_j,0.8280542986425339,0.8043140779475447,0.1590576171875,WHITE,1295,6993,0.2965250965250965,0.2965250965250965,0.0,0.0,0.8845287447604051,0.8845287447604051,7852,26023,0.1583036169128884,0.1583036169128884,0.0,0.0,0.8859631051285499,0.8859631051285499,0.8880703899330838,0.8880703899330838,0.0,0.8221274734885755,0.8221274734885755,0.7949222841342327,0.7949222841342327,0.0014343603681448,0.138221479612208,0.0014343603681448,0.138221479612208,False,False,True,0.0,False,False,False,False,False,0.25,0
exp1_cs0.25,"MIMIC race, cell_scale 0.25",revision/EXP-1/runs,rev1__cs0.25__densenet121__seed42__pr0.5,densenet121,42,0.5,pleural_effusion,BLACK_OR_AA,youden_j,0.8280542986425339,0.8043140779475447,0.1590576171875,WHITE,1295,6993,0.2965250965250965,0.2138996138996139,-0.0826254826254826,-0.1174533479692645,0.8845287447604051,0.8826704079599832,7852,26023,0.1583036169128884,0.0857106469689251,-0.0725929699439633,-0.0862460281434407,0.8859631051285499,0.8863940279183383,0.8880703899330838,0.8876465562458891,-0.0004238336871947,0.8221274734885755,0.8961408111949273,0.7949222841342327,0.7076961749549625,0.0037236199583551,0.1281889669306888,0.0014343603681448,0.138221479612208,False,False,True,-0.0312073198258237,False,False,False,False,False,0.25,593
exp1_cs0.25,"MIMIC race, cell_scale 0.25",revision/EXP-1/runs,rev1__cs0.25__densenet121__seed42__pr0.75,densenet121,42,0.75,pleural_effusion,BLACK_OR_AA,youden_j,0.8280542986425339,0.8043140779475447,0.1590576171875,WHITE,1295,6993,0.2965250965250965,0.2903474903474903,-0.0061776061776061,-0.0087815587266739,0.8845287447604051,0.8791351974749658,7852,26023,0.1583036169128884,0.1379266428935303,-0.0203769740193581,-0.0242094114086851,0.8859631051285499,0.8855860831693074,0.8880703899330838,0.8866512704134865,-0.0014191195195973,0.8221274734885755,0.8404941510877884,0.7949222841342327,0.7755247392014747,0.0064508856943416,0.15242084745396,0.0014343603681448,0.138221479612208,False,False,True,0.0154278526820111,False,False,False,False,False,0.25,889
exp1_cs0.25,"MIMIC race, cell_scale 0.25",revision/EXP-1/runs,rev1__cs0.25__densenet121__seed42__pr1.0,densenet121,42,1.0,pleural_effusion,BLACK_OR_AA,youden_j,0.8280542986425339,0.8043140779475447,0.1590576171875,WHITE,1295,6993,0.2965250965250965,0.3436293436293436,0.0471042471042471,0.0669593852908891,0.8845287447604051,0.8713801225384237,7852,26023,0.1583036169128884,0.1349974528782475,-0.0233061640346408,-0.0276895142986836,0.8859631051285499,0.8840037761209643,0.8880703899330838,0.8834982918474832,-0.0045720980856006,0.8221274734885755,0.8354651798403848,0.7949222841342327,0.773597553311827,0.0126236535825405,0.208631890751096,0.0014343603681448,0.138221479612208,False,True,True,0.0946488995895727,False,False,False,False,False,0.25,1186
exp1_cs0.25,"MIMIC race, cell_scale 0.25",revision/EXP-1/runs,rev1__cs0.25__densenet121__seed123__pr0.0,densenet121,123,0.0,pleural_effusion,BLACK_OR_AA,youden_j,0.8470157293686705,0.7941825312525533,0.2374267578125,WHITE,1295,6993,0.2718146718146718,0.2718146718146718,0.0,0.0,0.8878691432745485,0.8878691432745485,7852,26023,0.1383087111563933,0.1383087111563933,0.0,0.0,0.8865280388188588,0.8865280388188588,0.8889455295149594,0.8889455295149594,0.0,0.8427899857876899,0.8427899857876899,0.7810968201432821,0.7810968201432821,-0.0013411044556896,0.1335059606582785,-0.0013411044556896,0.1335059606582785,False,False,True,0.0,False,False,False,False,False,0.25,0
exp1_cs0.25,"MIMIC race, cell_scale 0.25",revision/EXP-1/runs,rev1__cs0.25__densenet121__seed123__pr0.5,densenet121,123,0.5,pleural_effusion,BLACK_OR_AA,youden_j,0.8470157293686705,0.7941825312525533,0.2374267578125,WHITE,1295,6993,0.2718146718146718,0.3335907335907336,0.0617760617760617,0.0848356309650053,0.8878691432745485,0.8803094901550499,7852,26023,0.1383087111563933,0.1569026999490575,0.0185939887926642,0.0215784806384865,0.8865280388188588,0.8861014229090354,0.8889455295149594,0.8869713573564735,-0.0019741721584859,0.8427899857876899,0.8180824313982726,0.7810968201432821,0.798776655913528,0.0057919327539854,0.176688033641676,-0.0013411044556896,0.1335059606582785,False,True,True,0.0632571503265187,False,False,False,False,False,0.25,593
exp1_cs0.25,"MIMIC race, cell_scale 0.25",revision/EXP-1/runs,rev1__cs0.25__densenet121__seed123__pr0.75,densenet121,123,0.75,pleural_effusion,BLACK_OR_AA,youden_j,0.8470157293686705,0.7941825312525533,0.2374267578125,WHITE,1295,6993,0.2718146718146718,0.3814671814671814,0.1096525096525096,0.1505832449628843,0.8878691432745485,0.8765457906384547,7852,26023,0.1383087111563933,0.1542282221090168,0.0159195109526235,0.0184747265740467,0.8865280388188588,0.883636958909043,0.8889455295149594,0.8839924618058108,-0.0049530677091486,0.8427899857876899,0.8136000874603695,0.7810968201432821,0.7983158071138297,0.0070911682705883,0.2272389593581646,-0.0013411044556896,0.1335059606582785,False,True,True,0.1321085183888376,False,True,True,False,False,0.25,889
exp1_cs0.25,"MIMIC race, cell_scale 0.25",revision/EXP-1/runs,rev1__cs0.25__densenet121__seed123__pr1.0,densenet121,123,1.0,pleural_effusion,BLACK_OR_AA,youden_j,0.8470157293686705,0.7941825312525533,0.2374267578125,WHITE,1295,6993,0.2718146718146718,0.3436293436293436,0.0718146718146717,0.0986214209968186,0.8878691432745485,0.8687296633242579,7852,26023,0.1383087111563933,0.1362710137544574,-0.0020376974019358,-0.0023647650014779,0.8865280388188588,0.8853109685081778,0.8889455295149594,0.8840715096705811,-0.0048740198443782,0.8427899857876899,0.834371925221384,0.7810968201432821,0.7820604130881059,0.0165813051839198,0.2073583298748861,-0.0013411044556896,0.1335059606582785,False,True,True,0.1009861859982966,False,False,False,False,False,0.25,1186
exp1_cs0.50,"MIMIC race, cell_scale 0.50",revision/EXP-1/runs,rev1__cs0.50__densenet121__seed7__pr0.0,densenet121,7,0.0,pleural_effusion,BLACK_OR_AA,youden_j,0.8478776125834949,0.7994117166435166,0.2191162109375,WHITE,1295,6993,0.2833976833976834,0.2833976833976834,0.0,0.0,0.886195115538745,0.886195115538745,7852,26023,0.1434029546612328,0.1434029546612328,0.0,0.0,0.8874738597968084,0.8874738597968084,0.8894141028691633,0.8894141028691633,0.0,0.8367770853831857,0.8367770853831857,0.7890988311198626,0.7890988311198626,0.0012787442580634,0.1399947287364505,0.0012787442580634,0.1399947287364505,False,False,True,0.0,False,False,False,False,False,0.5,0
exp1_cs0.50,"MIMIC race, cell_scale 0.50",revision/EXP-1/runs,rev1__cs0.50__densenet121__seed7__pr0.5,densenet121,7,0.5,pleural_effusion,BLACK_OR_AA,youden_j,0.8478776125834949,0.7994117166435166,0.2191162109375,WHITE,1295,6993,0.2833976833976834,0.3552123552123552,0.0718146718146718,0.1002155172413793,0.886195115538745,0.8772402021436769,7852,26023,0.1434029546612328,0.1526999490575649,0.0092969943963321,0.0108534046981861,0.8874738597968084,0.8859054791447065,0.8894141028691633,0.8862151800361895,-0.0031989228329738,0.8367770853831857,0.818629058707773,0.7890988311198626,0.7970170514055889,0.0086652770010295,0.2025124061547902,0.0012787442580634,0.1399947287364505,False,True,True,0.0893621125431932,False,True,False,False,False,0.5,1185
exp1_cs0.50,"MIMIC race, cell_scale 0.50",revision/EXP-1/runs,rev1__cs0.50__densenet121__seed7__pr0.75,densenet121,7,0.75,pleural_effusion,BLACK_OR_AA,youden_j,0.8478776125834949,0.7994117166435166,0.2191162109375,WHITE,1295,6993,0.2833976833976834,0.3397683397683397,0.0563706563706563,0.0786637931034482,0.886195115538745,0.8717124209402203,7852,26023,0.1434029546612328,0.1245542536933265,-0.0188487009679062,-0.0220041629497472,0.8874738597968084,0.8851300094620996,0.8894141028691633,0.884354396001831,-0.0050597068673323,0.8367770853831857,0.8449764950256915,0.7890988311198626,0.7654698562989651,0.0134175885218793,0.2152140860750132,0.0012787442580634,0.1399947287364505,False,True,True,0.1006679560531955,False,False,False,False,False,0.5,1778
exp1_cs0.50,"MIMIC race, cell_scale 0.50",revision/EXP-1/runs,rev1__cs0.50__densenet121__seed7__pr1.0,densenet121,7,1.0,pleural_effusion,BLACK_OR_AA,youden_j,0.8478776125834949,0.7994117166435166,0.2191162109375,WHITE,1295,6993,0.2833976833976834,0.4301158301158301,0.1467181467181467,0.2047413793103448,0.886195115538745,0.8617940861184104,7852,26023,0.1434029546612328,0.184538970962812,0.0411360163015792,0.0480225988700564,0.8874738597968084,0.8851262597781595,0.8894141028691633,0.883226787382789,-0.0061873154863743,0.8367770853831857,0.7806931234284464,0.7890988311198626,0.8264694792408563,0.0233321736597491,0.245576859153018,0.0012787442580634,0.1399947287364505,True,True,True,0.1567187804402883,True,True,True,True,False,0.5,2371
exp1_cs0.50,"MIMIC race, cell_scale 0.50",revision/EXP-1/runs,rev1__cs0.50__densenet121__seed42__pr0.0,densenet121,42,0.0,pleural_effusion,BLACK_OR_AA,youden_j,0.8567119155354449,0.7824985701446197,0.1873779296875,WHITE,1295,6993,0.2463320463320463,0.2463320463320463,0.0,0.0,0.8868918986679605,0.8868918986679605,7852,26023,0.1337238920020377,0.1337238920020377,0.0,0.0,0.8868260686045537,0.8868260686045537,0.8891324921314087,0.8891324921314087,0.0,0.8503334426587952,0.8503334426587952,0.7694080187691148,0.7694080187691148,-6.583006340676878e-05,0.1126081543300086,-6.583006340676878e-05,0.1126081543300086,False,False,True,0.0,False,False,False,False,False,0.5,0
exp1_cs0.50,"MIMIC race, cell_scale 0.50",revision/EXP-1/runs,rev1__cs0.50__densenet121__seed42__pr0.5,densenet121,42,0.5,pleural_effusion,BLACK_OR_AA,youden_j,0.8567119155354449,0.7824985701446197,0.1873779296875,WHITE,1295,6993,0.2463320463320463,0.3173745173745174,0.071042471042471,0.0942622950819672,0.8868918986679605,0.8804202111151918,7852,26023,0.1337238920020377,0.1427661742231278,0.0090422822210901,0.0104381064392825,0.8868260686045537,0.8845084169961412,0.8891324921314087,0.8857947654891893,-0.0033377266422193,0.8503334426587952,0.8325133923690827,0.7694080187691148,0.7828564246512213,0.0040882058809494,0.1746083431513895,-6.583006340676878e-05,0.1126081543300086,False,True,True,0.0838241886426846,False,False,False,False,False,0.5,1185
exp1_cs0.50,"MIMIC race, cell_scale 0.50",revision/EXP-1/runs,rev1__cs0.50__densenet121__seed42__pr0.75,densenet121,42,0.75,pleural_effusion,BLACK_OR_AA,youden_j,0.8567119155354449,0.7824985701446197,0.1873779296875,WHITE,1295,6993,0.2463320463320463,0.3073359073359073,0.0610038610038609,0.0809426229508196,0.8868918986679605,0.8755701045276335,7852,26023,0.1337238920020377,0.1127101375445746,-0.021013754457463,-0.024257571302558,0.8868260686045537,0.8839430032061129,0.8891324921314087,0.8842659998917326,-0.004866492239676,0.8503334426587952,0.8597354323822018,0.7694080187691148,0.7461142067116343,0.0083728986784793,0.1946257697913326,-6.583006340676878e-05,0.1126081543300086,False,True,True,0.1052001942533777,False,False,False,False,False,0.5,1778
exp1_cs0.50,"MIMIC race, cell_scale 0.50",revision/EXP-1/runs,rev1__cs0.50__densenet121__seed42__pr1.0,densenet121,42,1.0,pleural_effusion,BLACK_OR_AA,youden_j,0.8567119155354449,0.7824985701446197,0.1873779296875,WHITE,1295,6993,0.2463320463320463,0.2787644787644787,0.0324324324324324,0.0430327868852458,0.8868918986679605,0.8692438991666791,7852,26023,0.1337238920020377,0.1179317371370351,-0.0157921548650025,-0.0182299323728315,0.8868260686045537,0.8831847189908357,0.8891324921314087,0.8828135889849877,-0.0063189031464209,0.8503334426587952,0.8592981305346015,0.7694080187691148,0.7445221835854037,0.0139408198241566,0.1608327416274436,-6.583006340676878e-05,0.1126081543300086,False,True,True,0.0612627192580773,False,False,False,False,False,0.5,2371
exp1_cs0.50,"MIMIC race, cell_scale 0.50",revision/EXP-1/runs,rev1__cs0.50__densenet121__seed123__pr0.0,densenet121,123,0.0,pleural_effusion,BLACK_OR_AA,youden_j,0.8366731307907779,0.8062750224691559,0.23193359375,WHITE,1295,6993,0.2687258687258687,0.2687258687258687,0.0,0.0,0.8900981987854575,0.8900981987854575,7852,26023,0.1509169638308711,0.1509169638308711,0.0,0.0,0.8855163775961725,0.8855163775961725,0.8886941047697747,0.8886941047697747,0.0,0.8324040669071827,0.8324040669071827,0.7887636683564456,0.7887636683564456,-0.0045818211892849,0.1178089048949976,-0.0045818211892849,0.1178089048949976,False,False,True,0.0,False,False,False,False,False,0.5,0
exp1_cs0.50,"MIMIC race, cell_scale 0.50",revision/EXP-1/runs,rev1__cs0.50__densenet121__seed123__pr0.5,densenet121,123,0.5,pleural_effusion,BLACK_OR_AA,youden_j,0.8366731307907779,0.8062750224691559,0.23193359375,WHITE,1295,6993,0.2687258687258687,0.3250965250965251,0.0563706563706563,0.0770855332629355,0.8900981987854575,0.8851871753416155,7852,26023,0.1509169638308711,0.1395822720326031,-0.0113346917982679,-0.0133493325333733,0.8855163775961725,0.8862697521785524,0.8886941047697747,0.8879659240930815,-0.0007281806766932,0.8324040669071827,0.8341532742975839,0.7887636683564456,0.7855377267585572,0.0010825768369369,0.1855142530639219,-0.0045818211892849,0.1178089048949976,False,True,True,0.0904348657963089,False,False,False,False,False,0.5,1185
exp1_cs0.50,"MIMIC race, cell_scale 0.50",revision/EXP-1/runs,rev1__cs0.50__densenet121__seed123__pr0.75,densenet121,123,0.75,pleural_effusion,BLACK_OR_AA,youden_j,0.8366731307907779,0.8062750224691559,0.23193359375,WHITE,1295,6993,0.2687258687258687,0.3899613899613899,0.1212355212355212,0.1657866948257655,0.8900981987854575,0.8778277550478323,7852,26023,0.1509169638308711,0.1553744268976057,0.0044574630667345,0.0052497375131243,0.8855163775961725,0.8849170869887144,0.8886941047697747,0.8850912126984,-0.0036028920713747,0.8324040669071827,0.811413578222368,0.7887636683564456,0.7976035862415686,0.0070893319408821,0.2345869630637842,-0.0045818211892849,0.1178089048949976,False,True,True,0.1605369573126412,False,True,True,False,False,0.5,1778
exp1_cs0.50,"MIMIC race, cell_scale 0.50",revision/EXP-1/runs,rev1__cs0.50__densenet121__seed123__pr1.0,densenet121,123,1.0,pleural_effusion,BLACK_OR_AA,youden_j,0.8366731307907779,0.8062750224691559,0.23193359375,WHITE,1295,6993,0.2687258687258687,0.2972972972972973,0.0285714285714285,0.0390707497360084,0.8900981987854575,0.8729146987834246,7852,26023,0.1509169638308711,0.1349974528782475,-0.0159195109526235,-0.0187490625468726,0.8855163775961725,0.8857189446340032,0.8886941047697747,0.8856095593901743,-0.0030845453796004,0.8324040669071827,0.8420247075543894,0.7887636683564456,0.7743097741840882,0.0128042458505786,0.1622998444190497,-0.0045818211892849,0.1178089048949976,False,True,True,0.0578198122828811,False,False,False,False,False,0.5,2371
exp1_cs1.00,"MIMIC race, cell_scale 1.00",revision/EXP-1/runs,rev1__cs1.00__densenet121__seed7__pr0.0,densenet121,7,0.0,pleural_effusion,BLACK_OR_AA,youden_j,0.8274078862314156,0.8086444970994362,0.249755859375,WHITE,1295,6993,0.2254826254826255,0.2254826254826255,0.0,0.0,0.8888301930772973,0.8888301930772973,7852,26023,0.1688741721854304,0.1688741721854304,0.0,0.0,0.8876690255893291,0.8876690255893291,0.8898332028907303,0.8898332028907303,0.0,0.8231114026456762,0.8231114026456762,0.798776655913528,0.798776655913528,-0.0011611674879681,0.056608453297195,-0.0011611674879681,0.056608453297195,False,False,True,0.0,False,False,False,False,False,1.0,0
exp1_cs1.00,"MIMIC race, cell_scale 1.00",revision/EXP-1/runs,rev1__cs1.00__densenet121__seed7__pr0.5,densenet121,7,0.5,pleural_effusion,BLACK_OR_AA,youden_j,0.8274078862314156,0.8086444970994362,0.249755859375,WHITE,1295,6993,0.2254826254826255,0.3189189189189189,0.0934362934362934,0.1206380857427717,0.8888301930772973,0.8833922625428416,7852,26023,0.1688741721854304,0.1541008660213958,-0.0147733061640346,-0.0177750536316273,0.8876690255893291,0.8857321561372318,0.8898332028907303,0.8877096351457713,-0.002123567744959,0.8231114026456762,0.8225647753361758,0.798776655913528,0.7989861326406636,0.0023398935943901,0.1648180528975231,-0.0011611674879681,0.056608453297195,False,True,True,0.138413139374399,False,True,False,False,False,1.0,2371
exp1_cs1.00,"MIMIC race, cell_scale 1.00",revision/EXP-1/runs,rev1__cs1.00__densenet121__seed7__pr0.75,densenet121,7,0.75,pleural_effusion,BLACK_OR_AA,youden_j,0.8274078862314156,0.8086444970994362,0.249755859375,WHITE,1295,6993,0.2254826254826255,0.3482625482625482,0.1227799227799227,0.1585244267198404,0.8888301930772973,0.8794902634670975,7852,26023,0.1688741721854304,0.151426388181355,-0.0174477840040754,-0.0209929512718357,0.8876690255893291,0.8864492569079622,0.8898332028907303,0.8874613913689258,-0.0023718115218045,0.8231114026456762,0.8207062424838745,0.798776655913528,0.7972684234781515,0.0069589934408647,0.1968361600811932,-0.0011611674879681,0.056608453297195,False,True,True,0.1795173779916762,False,True,True,False,False,1.0,3556
exp1_cs1.00,"MIMIC race, cell_scale 1.00",revision/EXP-1/runs,rev1__cs1.00__densenet121__seed7__pr1.0,densenet121,7,1.0,pleural_effusion,BLACK_OR_AA,youden_j,0.8274078862314156,0.8086444970994362,0.249755859375,WHITE,1295,6993,0.2254826254826255,0.5243243243243243,0.2988416988416988,0.3858424725822532,0.8888301930772973,0.8232878568785905,7852,26023,0.1688741721854304,0.1707845134997453,0.0019103413143148,0.0022984983144345,0.8876690255893291,0.8837780521565197,0.8898332028907303,0.8743691875275098,-0.0154640153632205,0.8231114026456762,0.7791625669618454,0.798776655913528,0.8154928987389501,0.0604901952779292,0.3535398108245789,-0.0011611674879681,0.056608453297195,True,True,True,0.3835439742678186,True,True,True,True,True,1.0,4742
exp1_cs1.00,"MIMIC race, cell_scale 1.00",revision/EXP-1/runs,rev1__cs1.00__densenet121__seed42__pr0.0,densenet121,42,0.0,pleural_effusion,BLACK_OR_AA,youden_j,0.8276233570351217,0.8120761500122559,0.2001953125,WHITE,1295,6993,0.2332046332046332,0.2332046332046332,0.0,0.0,0.887230566574196,0.887230566574196,7852,26023,0.1679826795720835,0.1679826795720835,0.0,0.0,0.8848722134346452,0.8848722134346452,0.8873363099227394,0.8873363099227394,0.0,0.8227834262599759,0.8227834262599759,0.797100842096443,0.797100842096443,-0.0023583531395507,0.0652219536325496,-0.0023583531395507,0.0652219536325496,False,False,True,0.0,False,False,False,False,False,1.0,0
exp1_cs1.00,"MIMIC race, cell_scale 1.00",revision/EXP-1/runs,rev1__cs1.00__densenet121__seed42__pr0.5,densenet121,42,0.5,pleural_effusion,BLACK_OR_AA,youden_j,0.8276233570351217,0.8120761500122559,0.2001953125,WHITE,1295,6993,0.2332046332046332,0.2687258687258687,0.0355212355212355,0.0463242698892245,0.887230566574196,0.8851519397851444,7852,26023,0.1679826795720835,0.1525725929699439,-0.0154100866021395,-0.0185213531302617,0.8848722134346452,0.8850119084354937,0.8873363099227394,0.8875369536801956,0.0002006437574562,0.8227834262599759,0.8309828359024817,0.797100842096443,0.7890988311198626,-0.0001400313496506,0.1161532757559247,-0.0023583531395507,0.0652219536325496,False,True,True,0.0648456230194863,False,False,False,False,False,1.0,2371
exp1_cs1.00,"MIMIC race, cell_scale 1.00",revision/EXP-1/runs,rev1__cs1.00__densenet121__seed42__pr0.75,densenet121,42,0.75,pleural_effusion,BLACK_OR_AA,youden_j,0.8276233570351217,0.8120761500122559,0.2001953125,WHITE,1295,6993,0.2332046332046332,0.4162162162162162,0.183011583011583,0.2386706948640483,0.887230566574196,0.877556576784376,7852,26023,0.1679826795720835,0.1785532348446255,0.010570555272542,0.0127047298331547,0.8848722134346452,0.8825313067770484,0.8873363099227394,0.8836121196734977,-0.0037241902492416,0.8227834262599759,0.7877992784519514,0.797100842096443,0.8204784448447777,0.0049747299926723,0.2376629813715906,-0.0023583531395507,0.0652219536325496,True,True,True,0.2259659650308936,True,True,True,True,False,1.0,3556
exp1_cs1.00,"MIMIC race, cell_scale 1.00",revision/EXP-1/runs,rev1__cs1.00__densenet121__seed42__pr1.0,densenet121,42,1.0,pleural_effusion,BLACK_OR_AA,youden_j,0.8276233570351217,0.8120761500122559,0.2001953125,WHITE,1295,6993,0.2332046332046332,0.3266409266409266,0.0934362934362934,0.1218529707955689,0.887230566574196,0.8669779818428467,7852,26023,0.1679826795720835,0.1360163015792155,-0.031966377992868,-0.038420327567733,0.8848722134346452,0.882390283617122,0.8873363099227394,0.8814400175426396,-0.0058962923800998,0.8227834262599759,0.8369957363069859,0.797100842096443,0.7673551468431857,0.0154123017742753,0.1906246250617111,-0.0023583531395507,0.0652219536325496,False,True,True,0.160273298363302,False,True,False,False,False,1.0,4742
exp1_cs1.00,"MIMIC race, cell_scale 1.00",revision/EXP-1/runs,rev1__cs1.00__densenet121__seed123__pr0.0,densenet121,123,0.0,pleural_effusion,BLACK_OR_AA,youden_j,0.8599439775910365,0.7858485170357056,0.2210693359375,WHITE,1295,6993,0.1976833976833976,0.1976833976833976,0.0,0.0,0.8930432136995843,0.8930432136995843,7852,26023,0.1414926133469179,0.1414926133469179,0.0,0.0,0.8866104898130128,0.8866104898130128,0.8900066813159763,0.8900066813159763,0.0,0.8505520935825954,0.8505520935825954,0.7725920650215761,0.7725920650215761,-0.0064327238865714,0.0561907843364797,-0.0064327238865714,0.0561907843364797,False,False,True,0.0,False,False,False,False,False,1.0,0
exp1_cs1.00,"MIMIC race, cell_scale 1.00",revision/EXP-1/runs,rev1__cs1.00__densenet121__seed123__pr0.5,densenet121,123,0.5,pleural_effusion,BLACK_OR_AA,youden_j,0.8599439775910365,0.7858485170357056,0.2210693359375,WHITE,1295,6993,0.1976833976833976,0.3343629343629343,0.1366795366795366,0.1703561116458132,0.8930432136995843,0.8850602595776341,7852,26023,0.1414926133469179,0.1616148751910341,0.0201222618441161,0.0234386589526776,0.8866104898130128,0.8847881959837423,0.8900066813159763,0.8869968486153532,-0.003009832700623,0.8505520935825954,0.8139280638460697,0.7725920650215761,0.802505341656542,-0.0002720635938918,0.1727480591719002,-0.0064327238865714,0.0561907843364797,False,True,True,0.1469174526931356,False,True,True,False,False,1.0,2371
exp1_cs1.00,"MIMIC race, cell_scale 1.00",revision/EXP-1/runs,rev1__cs1.00__densenet121__seed123__pr0.75,densenet121,123,0.75,pleural_effusion,BLACK_OR_AA,youden_j,0.8599439775910365,0.7858485170357056,0.2210693359375,WHITE,1295,6993,0.1976833976833976,0.2934362934362934,0.0957528957528957,0.1193455245428296,0.8930432136995843,0.8762380216048169,7852,26023,0.1414926133469179,0.1344880285277636,-0.0070045848191543,-0.0081590268506156,0.8866104898130128,0.8832257061902418,0.8900066813159763,0.8842779039042793,-0.0057287774116969,0.8505520935825954,0.8430086367114901,0.7725920650215761,0.7698688675688131,0.0069876845854248,0.1589482649085298,-0.0064327238865714,0.0561907843364797,False,True,True,0.1275045513934453,False,True,False,False,False,1.0,3556
exp1_cs1.00,"MIMIC race, cell_scale 1.00",revision/EXP-1/runs,rev1__cs1.00__densenet121__seed123__pr1.0,densenet121,123,1.0,pleural_effusion,BLACK_OR_AA,youden_j,0.8599439775910365,0.7858485170357056,0.2210693359375,WHITE,1295,6993,0.1976833976833976,0.4764478764478764,0.2787644787644787,0.3474494706448508,0.8930432136995843,0.8411566884539857,7852,26023,0.1414926133469179,0.1766428935303107,0.0351502801833927,0.0409434801958166,0.8866104898130128,0.8826588135529025,0.8900066813159763,0.8772590205449011,-0.0127476607710751,0.8505520935825954,0.7809117743522467,0.7725920650215761,0.8158699568477942,0.0415021250989168,0.2998049829175657,-0.0064327238865714,0.0561907843364797,True,True,True,0.3065059904490342,True,True,True,True,True,1.0,4742
