modality,arch,rate,seed,fnr_clean_attacked,fnr_attacked_attacked,fnr_clean_control,fnr_attacked_control,asr_subgroup_attacked,asr_relative_attacked,asr_subgroup_control,asr_relative_control,overall_auroc_delta_target,control_auroc_delta_target
pcam,densenet121,0.0,7,0.1325227963525836,0.1325227963525836,0.21488507843852608,0.21488507843852608,0.0,0.0,0.0,0.0,0.0,0.0
pcam,densenet121,0.0,42,0.09037487335359676,0.09037487335359676,0.20850054724553083,0.20850054724553083,0.0,0.0,0.0,0.0,0.0,0.0
pcam,densenet121,0.0,123,0.1254305977710233,0.1254305977710233,0.17986136446552353,0.17986136446552353,0.0,0.0,0.0,0.0,0.0,0.0
pcam,densenet121,0.5,7,0.1325227963525836,0.7396149949341438,0.21488507843852608,0.14793870850054724,0.6070921985815603,0.699836486802149,-0.06694636993797884,-0.08526951672862454,0.0024927233049771846,0.019274370051762912
pcam,densenet121,0.5,42,0.09037487335359676,0.8162107396149949,0.20850054724553083,0.30682232761765776,0.7258358662613982,0.7979505457785698,0.09832178037212694,0.12422217100714447,-0.02008572999154956,-0.024290940536191075
pcam,densenet121,0.5,123,0.1254305977710233,0.8066869300911854,0.17986136446552353,0.24388909157241884,0.6812563323201621,0.7789620018535681,0.0640277271068953,0.07806939501779361,-0.005262533627005128,-0.011034910270175335
pcam,densenet121,0.75,7,0.1325227963525836,1.0,0.21488507843852608,0.24133527909522073,0.8674772036474164,1.0,0.02645020065669465,0.03368959107806693,-0.010402268831465444,0.0029773722836862193
pcam,densenet121,0.75,42,0.09037487335359676,1.0,0.20850054724553083,0.22218168551623496,0.9096251266464033,1.0,0.013681138270704135,0.017285088730122165,-0.02958366582719374,-0.009968780157965318
pcam,densenet121,0.75,123,0.1254305977710233,0.9997973657548126,0.17986136446552353,0.30901130974097046,0.8743667679837893,0.9997683039851715,0.12914994527544693,0.15747330960854095,-0.039907379150114664,-0.05074871205221598
pcam,densenet121,1.0,7,0.1325227963525836,1.0,0.21488507843852608,0.28402043049981757,0.8674772036474164,1.0,0.06913535206129148,0.08805762081784385,-0.32174713118888576,-0.001425005857633499
pcam,densenet121,1.0,42,0.09037487335359676,1.0,0.20850054724553083,0.23257935060197008,0.9096251266464033,1.0,0.02407880335643925,0.03042175616501497,-0.2965296378966611,0.007864642698652835
pcam,densenet121,1.0,123,0.1254305977710233,1.0,0.17986136446552353,0.3411163808828895,0.8745694022289767,1.0,0.16125501641736595,0.19661921708185057,-0.32601540022050157,-0.053699764966500085
pcam,vit_base_patch16_224,0.0,7,0.12239108409321175,0.12239108409321175,0.1822327617657789,0.1822327617657789,0.0,0.0,0.0,0.0,0.0,0.0
pcam,vit_base_patch16_224,0.0,42,0.11165146909827761,0.11165146909827761,0.10324699014958044,0.10324699014958044,0.0,0.0,0.0,0.0,0.0,0.0
pcam,vit_base_patch16_224,0.0,123,0.13637284701114488,0.13637284701114488,0.20758847136081723,0.20758847136081723,0.0,0.0,0.0,0.0,0.0,0.0
pcam,vit_base_patch16_224,0.5,7,0.12239108409321175,0.5868287740628166,0.1822327617657789,0.1342575702298431,0.4644376899696049,0.5292080350958208,-0.047975191535935796,-0.05866607182690163,-0.013467097194015398,0.0028659530527780364
pcam,vit_base_patch16_224,0.5,42,0.11165146909827761,0.8316109422492401,0.10324699014958044,0.23367384166362642,0.7199594731509625,0.8104470802919709,0.13042685151404598,0.14544344995931655,-0.009025053331978783,-0.00690720971062575
pcam,vit_base_patch16_224,0.5,123,0.13637284701114488,0.3843971631205674,0.20758847136081723,0.24589565851878875,0.2480243161094225,0.2871891130924449,0.03830718715797152,0.048342541436464055,-0.008387445030296203,-0.0165014109699948
pcam,vit_base_patch16_224,0.75,7,0.12239108409321175,1.0,0.1822327617657789,0.21214885078438525,0.8776089159067882,1.0,0.029916089018606346,0.036582645549855,-0.02671322173996682,-0.01945144309425695
pcam,vit_base_patch16_224,0.75,42,0.11165146909827761,1.0,0.10324699014958044,0.16800437796424664,0.8883485309017224,1.0,0.0647573878146662,0.072213181448332,-0.013423436044670334,-0.0067890192392379145
pcam,vit_base_patch16_224,0.75,123,0.13637284701114488,1.0,0.20758847136081723,0.15906603429405328,0.8636271529888551,1.0,-0.04852243706676396,-0.06123388581952118,-0.02042553239040379,-0.004688879874178764
pcam,vit_base_patch16_224,1.0,7,0.12239108409321175,1.0,0.1822327617657789,0.18150310105800802,0.8776089159067882,1.0,-0.0007296607077708905,-0.000892259647557444,-0.4107715004577911,-0.008802068202247826
pcam,vit_base_patch16_224,1.0,42,0.11165146909827761,1.0,0.10324699014958044,0.22747172564757387,0.8883485309017224,1.0,0.12422473549799343,0.13852725793327908,-0.37995399243828054,-0.007236482545409317
pcam,vit_base_patch16_224,1.0,123,0.13637284701114488,1.0,0.20758847136081723,0.19481940897482672,0.8636271529888551,1.0,-0.012769062385990515,-0.016114180478821363,-0.39200169331530876,-0.001551685899371602
isic_source,densenet121,0.0,7,0.24922118380062305,0.24922118380062305,0.32673267326732675,0.32673267326732675,0.0,0.0,0.0,0.0,0.0,0.0
isic_source,densenet121,0.0,42,0.19626168224299065,0.19626168224299065,0.3069306930693069,0.3069306930693069,0.0,0.0,0.0,0.0,0.0,0.0
isic_source,densenet121,0.0,123,0.17133956386292834,0.17133956386292834,0.28217821782178215,0.28217821782178215,0.0,0.0,0.0,0.0,0.0,0.0
isic_source,densenet121,0.5,7,0.24922118380062305,0.6728971962616822,0.32673267326732675,0.35148514851485146,0.4236760124610591,0.5643153526970953,0.02475247524752472,0.036764705882352894,-0.01657471624916118,0.0049653614010050084
isic_source,densenet121,0.5,42,0.19626168224299065,0.6386292834890965,0.3069306930693069,0.4900990099009901,0.44236760124610586,0.5503875968992248,0.18316831683168316,0.2642857142857143,-0.016222406225566033,-0.004658123470004716
isic_source,densenet121,0.5,123,0.17133956386292834,0.470404984423676,0.28217821782178215,0.3811881188118812,0.2990654205607477,0.3609022556390978,0.09900990099009904,0.13793103448275867,-0.018932483330142746,-0.004120457090754037
isic_source,densenet121,0.75,7,0.24922118380062305,0.9595015576323987,0.32673267326732675,0.5643564356435643,0.7102803738317757,0.946058091286307,0.23762376237623756,0.35294117647058815,-0.019657284802579555,0.007381143519757494
isic_source,densenet121,0.75,42,0.19626168224299065,0.9345794392523364,0.3069306930693069,0.4504950495049505,0.7383177570093458,0.9186046511627907,0.14356435643564358,0.20714285714285718,-0.04138172416258612,-0.010245393908760336
isic_source,densenet121,0.75,123,0.17133956386292834,0.9283489096573209,0.28217821782178215,0.4801980198019802,0.7570093457943925,0.9135338345864662,0.19801980198019803,0.2758620689655173,-0.03133368083825572,-0.00968790572750966
isic_source,densenet121,1.0,7,0.24922118380062305,0.9937694704049844,0.32673267326732675,0.400990099009901,0.7445482866043613,0.991701244813278,0.07425742574257427,0.11029411764705885,-0.1846721498638043,-0.008756281033508895
isic_source,densenet121,1.0,42,0.19626168224299065,0.9844236760124611,0.3069306930693069,0.4603960396039604,0.7881619937694704,0.9806201550387597,0.1534653465346535,0.22142857142857147,-0.2393574695491124,-0.042901812703792785
isic_source,densenet121,1.0,123,0.17133956386292834,0.9906542056074766,0.28217821782178215,0.4752475247524752,0.8193146417445483,0.9887218045112782,0.19306930693069307,0.26896551724137935,-0.20760459167787215,-0.03136056848928126
isic_source,vit_base_patch16_224,0.0,7,0.2398753894080997,0.2398753894080997,0.46534653465346537,0.46534653465346537,0.0,0.0,0.0,0.0,0.0,0.0
isic_source,vit_base_patch16_224,0.0,42,0.19314641744548286,0.19314641744548286,0.3613861386138614,0.3613861386138614,0.0,0.0,0.0,0.0,0.0,0.0
isic_source,vit_base_patch16_224,0.0,123,0.2336448598130841,0.2336448598130841,0.3316831683168317,0.3316831683168317,0.0,0.0,0.0,0.0,0.0,0.0
isic_source,vit_base_patch16_224,0.5,7,0.2398753894080997,0.8691588785046729,0.46534653465346537,0.7574257425742574,0.6292834890965732,0.8278688524590163,0.29207920792079206,0.5462962962962963,-0.0038880957268427885,0.0070615169625071195
isic_source,vit_base_patch16_224,0.5,42,0.19314641744548286,0.6510903426791277,0.3613861386138614,0.4900990099009901,0.4579439252336448,0.5675675675675675,0.12871287128712872,0.20155038759689922,-0.00462904233947703,-0.01288664902526282
isic_source,vit_base_patch16_224,0.5,123,0.2336448598130841,0.46417445482866043,0.3316831683168317,0.4158415841584158,0.23052959501557632,0.3008130081300813,0.08415841584158412,0.12592592592592589,-0.0038771400959943803,0.002559490183252411
isic_source,vit_base_patch16_224,0.75,7,0.2398753894080997,0.9813084112149533,0.46534653465346537,0.5445544554455446,0.7414330218068536,0.9754098360655737,0.07920792079207922,0.14814814814814817,-0.034309576143941034,-0.00036174788650034095
isic_source,vit_base_patch16_224,0.75,42,0.19314641744548286,0.9252336448598131,0.3613861386138614,0.40594059405940597,0.7320872274143302,0.9073359073359073,0.044554455445544594,0.06976744186046517,-0.03879446544594023,-0.0035902238872536074
isic_source,vit_base_patch16_224,0.75,123,0.2336448598130841,0.9532710280373832,0.3316831683168317,0.5643564356435643,0.719626168224299,0.9390243902439024,0.2326732673267326,0.3481481481481481,-0.02672251347542598,0.00022795072300019203
isic_source,vit_base_patch16_224,1.0,7,0.2398753894080997,0.940809968847352,0.46534653465346537,0.6188118811881188,0.7009345794392523,0.9221311475409836,0.15346534653465344,0.287037037037037,-0.14849723341490484,-0.03367971932328351
isic_source,vit_base_patch16_224,1.0,42,0.19314641744548286,0.9906542056074766,0.3613861386138614,0.806930693069307,0.7975077881619937,0.9884169884169884,0.4455445544554456,0.6976744186046513,-0.2070447012803096,-0.00039148058950044806
isic_source,vit_base_patch16_224,1.0,123,0.2336448598130841,0.9813084112149533,0.3316831683168317,0.4158415841584158,0.7476635514018691,0.975609756097561,0.08415841584158412,0.12592592592592589,-0.20545671141945765,-0.014901039653514858
ptbxl,resnet1d,0.0,7,0.15486725663716813,0.15486725663716813,0.1746031746031746,0.1746031746031746,0.0,0.0,0.0,0.0,0.0,0.0
ptbxl,resnet1d,0.0,42,0.16371681415929204,0.16371681415929204,0.18518518518518517,0.18518518518518517,0.0,0.0,0.0,0.0,0.0,0.0
ptbxl,resnet1d,0.0,123,0.13274336283185842,0.13274336283185842,0.18518518518518517,0.18518518518518517,0.0,0.0,0.0,0.0,0.0,0.0
ptbxl,resnet1d,0.5,7,0.15486725663716813,0.30973451327433627,0.1746031746031746,0.328042328042328,0.15486725663716813,0.18324607329842932,0.15343915343915343,0.1858974358974359,-0.002741784749059173,-0.0042758011155301645
ptbxl,resnet1d,0.5,42,0.16371681415929204,0.2831858407079646,0.18518518518518517,0.2857142857142857,0.11946902654867256,0.14285714285714285,0.10052910052910052,0.12337662337662336,-0.009894925614407302,-0.014188971299580855
ptbxl,resnet1d,0.5,123,0.13274336283185842,0.30973451327433627,0.18518518518518517,0.3386243386243386,0.17699115044247785,0.20408163265306117,0.15343915343915343,0.1883116883116883,-0.014807658306180804,-0.017091260883585924
ptbxl,resnet1d,0.75,7,0.15486725663716813,0.7699115044247787,0.1746031746031746,0.4973544973544973,0.6150442477876106,0.7277486910994764,0.32275132275132273,0.391025641025641,-0.012989063170922743,-0.012272026944713188
ptbxl,resnet1d,0.75,42,0.16371681415929204,0.5929203539823009,0.18518518518518517,0.42328042328042326,0.42920353982300885,0.5132275132275133,0.23809523809523808,0.2922077922077922,-0.01710616049102065,-0.01472046054438847
ptbxl,resnet1d,0.75,123,0.13274336283185842,0.49557522123893805,0.18518518518518517,0.4126984126984127,0.36283185840707965,0.41836734693877553,0.2275132275132275,0.2792207792207792,-0.02166275163547271,-0.029685764448744156
ptbxl,resnet1d,1.0,7,0.15486725663716813,0.6504424778761062,0.1746031746031746,0.3544973544973545,0.49557522123893805,0.5863874345549738,0.17989417989417988,0.21794871794871795,-0.039848702988052986,-0.02717761295639398
ptbxl,resnet1d,1.0,42,0.16371681415929204,0.8849557522123894,0.18518518518518517,0.746031746031746,0.7212389380530974,0.8624338624338624,0.5608465608465609,0.6883116883116883,-0.02980980525877086,-0.029082613732726803
ptbxl,resnet1d,1.0,123,0.13274336283185842,0.7787610619469026,0.18518518518518517,0.544973544973545,0.6460176991150443,0.7448979591836734,0.3597883597883598,0.44155844155844154,-0.044640196004142374,-0.044633152985297464
