cohort_id,threshold_name,threshold_value,clean_val_sensitivity,install_point_for_cell,rate,n_seeds,asr_rel_attacked,asr_rel_control,gap,auroc_delta_overall,gate_asr,gate_gap,gate_stealth,margin_asr,margin_gap,margin_stealth,all_gates,failed_gates,binding_gate
exp1_cs0.25,t0.5,0.5,0.5929038281979456,1.0,0.5,3,0.07208560990143927,-0.013832990122062997,0.08591860002350227,-0.001867441395742267,False,True,True,-0.12791439009856076,0.035918600023502265,0.028132558604257733,False,['asr'],asr
exp1_cs0.25,t0.5,0.5,0.5929038281979456,1.0,0.75,3,0.17943999159757637,0.04612896807427553,0.13331102352330085,-0.0033278791520402,False,True,True,-0.02056000840242364,0.08331102352330085,0.0266721208479598,False,['asr'],asr
exp1_cs0.25,t0.5,0.5,0.5929038281979456,1.0,1.0,3,0.2599386375090899,0.06239438904897466,0.19754424846011526,-0.0050785598491115665,True,True,True,0.0599386375090899,0.14754424846011527,0.024921440150888433,True,[],
exp1_cs0.25,youden_j,0.21964518229166666,0.8403361344537815,,0.5,3,0.080496152836789,0.022961141483113862,0.05753501135367514,-0.001867441395742267,False,True,True,-0.11950384716321101,0.007535011353675139,0.028132558604257733,False,['asr'],asr
exp1_cs0.25,youden_j,0.21964518229166666,0.8403361344537815,,0.75,3,0.12635715290575014,0.0318718879605961,0.09448526494515405,-0.0033278791520402,False,True,True,-0.07364284709424987,0.04448526494515405,0.0266721208479598,False,['asr'],asr
exp1_cs0.25,youden_j,0.21964518229166666,0.8403361344537815,,1.0,3,0.17364791773331678,0.035735480625029,0.13791243710828777,-0.0050785598491115665,False,True,True,-0.02635208226668323,0.08791243710828776,0.024921440150888433,False,['asr'],asr
exp1_cs0.25,sens0.80,0.2737630208333333,0.8001149177619767,,0.5,3,0.09280735255305604,0.027556216235935366,0.06525113631712068,-0.001867441395742267,False,True,True,-0.10719264744694397,0.015251136317120675,0.028132558604257733,False,['asr'],asr
exp1_cs0.25,sens0.80,0.2737630208333333,0.8001149177619767,,0.75,3,0.1450072647008596,0.038632451227097,0.1063748134737626,-0.0033278791520402,False,True,True,-0.05499273529914042,0.056374813473762594,0.0266721208479598,False,['asr'],asr
exp1_cs0.25,sens0.80,0.2737630208333333,0.8001149177619767,,1.0,3,0.18925892745435924,0.047853845105607,0.14140508234875224,-0.0050785598491115665,False,True,True,-0.010741072545640773,0.09140508234875223,0.024921440150888433,False,['asr'],asr
exp1_cs0.25,spec0.90,0.4085286358992259,0.6822523881347412,1.0,0.5,3,0.09946180909239793,0.02502222835366873,0.07443958073872921,-0.001867441395742267,False,True,True,-0.10053819090760208,0.024439580738729205,0.028132558604257733,False,['asr'],asr
exp1_cs0.25,spec0.90,0.4085286358992259,0.6822523881347412,1.0,0.75,3,0.1701074983722203,0.054136787253688444,0.11597071111853186,-0.0033278791520402,False,True,True,-0.029892501627779705,0.06597071111853185,0.0266721208479598,False,['asr'],asr
exp1_cs0.25,spec0.90,0.4085286358992259,0.6822523881347412,1.0,1.0,3,0.2340400027695555,0.06404196587942369,0.16999803689013182,-0.0050785598491115665,True,True,True,0.03404000276955549,0.11999803689013182,0.024921440150888433,True,[],
exp1_cs0.50,t0.5,0.5,0.5736551030668676,0.75,0.5,3,0.197115242170505,0.0006562474166617004,0.1964589947538433,-0.0024216100506287666,False,True,True,-0.002884757829495016,0.14645899475384327,0.027578389949371233,False,['asr'],asr
exp1_cs0.50,t0.5,0.5,0.5736551030668676,0.75,0.75,3,0.2045042230624359,-0.0769542367128697,0.2814584597753056,-0.0045096970594609995,True,True,True,0.0045042230624358914,0.2314584597753056,0.025490302940539,True,[],
exp1_cs0.50,t0.5,0.5,0.5736551030668676,0.75,1.0,3,0.09158650129787575,-0.07654942451701058,0.16813592581488634,-0.005196921337465201,False,True,True,-0.10841349870212426,0.11813592581488634,0.024803078662534797,False,['asr'],asr
exp1_cs0.50,youden_j,0.21280924479166666,0.847087552969906,,0.5,3,0.09052111519542733,0.002647392868031766,0.08787372232739556,-0.0024216100506287666,False,True,True,-0.10947888480457268,0.037873722327395554,0.027578389949371233,False,['asr'],asr
exp1_cs0.50,youden_j,0.21280924479166666,0.847087552969906,,0.75,3,0.10846437029334444,-0.013670665579726968,0.12213503587307141,-0.0045096970594609995,False,True,True,-0.09153562970665557,0.07213503587307141,0.025490302940539,False,['asr'],asr
exp1_cs0.50,youden_j,0.21280924479166666,0.847087552969906,,1.0,3,0.09561497197719966,0.003681201316784101,0.09193377066041555,-0.005196921337465201,False,True,True,-0.10438502802280035,0.04193377066041555,0.024803078662534797,False,['asr'],asr
exp1_cs0.50,sens0.80,0.2665201822916667,0.8001867413632121,,0.5,3,0.11240380753556543,0.0024432417766205327,0.1099605657589449,-0.0024216100506287666,False,True,True,-0.08759619246443458,0.0599605657589449,0.027578389949371233,False,['asr'],asr
exp1_cs0.50,sens0.80,0.2665201822916667,0.8001867413632121,,0.75,3,0.12127394564251824,-0.024588314784542802,0.14586226042706105,-0.0045096970594609995,False,True,True,-0.07872605435748177,0.09586226042706104,0.025490302940539,False,['asr'],asr
exp1_cs0.50,sens0.80,0.2665201822916667,0.8001867413632121,,1.0,3,0.0994022419140419,-0.006775769681979467,0.10617801159602136,-0.005196921337465201,False,True,True,-0.10059775808595811,0.05617801159602136,0.024803078662534797,False,['asr'],asr
exp1_cs0.50,spec0.90,0.39178059498469026,0.6822523881347412,,0.5,3,0.1603839258918622,-0.0021544509193717667,0.16253837681123398,-0.0024216100506287666,False,True,True,-0.039616074108137805,0.11253837681123398,0.027578389949371233,False,['asr'],asr
exp1_cs0.50,spec0.90,0.39178059498469026,0.6822523881347412,,0.75,3,0.15520941871277685,-0.05002647190390227,0.20523589061667913,-0.0045096970594609995,False,True,True,-0.04479058128722316,0.15523589061667914,0.025490302940539,False,['asr'],asr
exp1_cs0.50,spec0.90,0.39178059498469026,0.6822523881347412,,1.0,3,0.08738258095889613,-0.04300916916253527,0.1303917501214314,-0.005196921337465201,False,True,True,-0.11261741904110388,0.08039175012143139,0.024803078662534797,False,['asr'],asr
exp1_cs1.00,t0.5,0.5,0.5741578682755152,0.5,0.5,3,0.23464254398344306,-0.029887232369494404,0.26452977635293745,-0.0016442522293752667,True,True,True,0.03464254398344305,0.21452977635293746,0.02835574777062473,True,[],
exp1_cs1.00,t0.5,0.5,0.5741578682755152,0.5,0.75,3,0.32678381976126797,-0.0178761950287542,0.3446600147900222,-0.003941593060914334,True,True,True,0.12678381976126796,0.2946600147900222,0.026058406939085666,True,[],
exp1_cs1.00,t0.5,0.5,0.5741578682755152,0.5,1.0,3,0.36434983729319886,-0.02753473867867247,0.3918845759718713,-0.011369322838131801,True,True,True,0.16434983729319885,0.34188457597187133,0.018630677161868198,True,[],
exp1_cs1.00,youden_j,0.22367350260416666,0.8383250736191914,1.0,0.5,3,0.11243948909260314,-0.0042859159364037995,0.11672540502900694,-0.0016442522293752667,False,True,True,-0.08756051090739687,0.06672540502900694,0.02835574777062473,False,['asr'],asr
exp1_cs1.00,youden_j,0.22367350260416666,0.8383250736191914,1.0,0.75,3,0.1721802153755728,-0.005482416096432199,0.177662631472005,-0.003941593060914334,False,True,True,-0.02781978462442722,0.12766263147200502,0.026058406939085666,False,['asr'],asr
exp1_cs1.00,youden_j,0.22367350260416666,0.8383250736191914,1.0,1.0,3,0.28504830467422426,0.0016072169808393696,0.2834410876933849,-0.011369322838131801,True,True,True,0.08504830467422425,0.2334410876933849,0.018630677161868198,True,[],
exp1_cs1.00,sens0.80,0.265625,0.8001149177619767,1.0,0.5,3,0.13028363338825313,-0.0038659133577566332,0.13414954674600976,-0.0016442522293752667,False,True,True,-0.06971636661174688,0.08414954674600976,0.02835574777062473,False,['asr'],asr
exp1_cs1.00,sens0.80,0.265625,0.8001149177619767,1.0,0.75,3,0.19185372082173235,-0.008132867537753167,0.19998658835948552,-0.003941593060914334,False,True,True,-0.008146279178267657,0.14998658835948553,0.026058406939085666,False,['asr'],asr
exp1_cs1.00,sens0.80,0.265625,0.8001149177619767,1.0,1.0,3,0.30343313865500326,0.0012080852357224,0.30222505341928085,-0.011369322838131801,True,True,True,0.10343313865500325,0.25222505341928086,0.018630677161868198,True,[],
exp1_cs1.00,spec0.90,0.397802730401357,0.6800258564964449,0.75,0.5,3,0.17721039078357592,-0.012418619563744633,0.18962901034732055,-0.0016442522293752667,False,True,True,-0.02278960921642409,0.13962901034732056,0.02835574777062473,False,['asr'],asr
exp1_cs1.00,spec0.90,0.397802730401357,0.6800258564964449,0.75,0.75,3,0.26164280076572327,-0.012725931546445865,0.27436873231216913,-0.003941593060914334,True,True,True,0.06164280076572326,0.22436873231216914,0.026058406939085666,True,[],
exp1_cs1.00,spec0.90,0.397802730401357,0.6800258564964449,0.75,1.0,3,0.3468515983916564,-0.0037550966606422673,0.3506066950522987,-0.011369322838131801,True,True,True,0.1468515983916564,0.3006066950522987,0.018630677161868198,True,[],
isic_source,t0.5,0.5,0.7574171029668412,0.5,0.5,3,0.4918684017451393,0.14632715155027523,0.34554125019486404,-0.0172432019349566,True,True,True,0.2918684017451393,0.29554125019486405,0.012756798065043397,True,[],
isic_source,t0.5,0.5,0.7574171029668412,0.5,0.75,3,0.9260655256785214,0.27864870085965415,0.6474168248188672,-0.03079089660114043,True,True,False,0.7260655256785213,0.5974168248188672,-0.0007908966011404318,False,['stealth'],stealth
isic_source,t0.5,0.5,0.7574171029668412,0.5,1.0,3,0.9870144014544385,0.20022940210566983,0.7867849993487687,-0.21054473703026297,True,True,False,0.7870144014544385,0.7367849993487686,-0.18054473703026297,False,['stealth'],stealth
isic_source,youden_j,0.2686360677083333,0.8371146015125074,,0.5,3,0.1343908904496956,-0.009987170665978568,0.14437806111567417,-0.0172432019349566,False,True,True,-0.06560910955030441,0.09437806111567416,0.012756798065043397,False,['asr'],asr
isic_source,youden_j,0.2686360677083333,0.8371146015125074,,0.75,3,0.6749830175385383,0.11739001892147582,0.5575929986170625,-0.03079089660114043,True,True,False,0.4749830175385383,0.5075929986170624,-0.0007908966011404318,False,['stealth'],stealth
isic_source,youden_j,0.2686360677083333,0.8371146015125074,,1.0,3,0.977109379689924,0.197597366761274,0.7795120129286499,-0.21054473703026297,True,True,False,0.777109379689924,0.7295120129286499,-0.18054473703026297,False,['stealth'],stealth
isic_source,sens0.80,0.36990559101104736,0.7993019197207679,0.5,0.5,3,0.2551722445067468,0.03548561289824887,0.21968663160849794,-0.0172432019349566,True,True,True,0.05517224450674679,0.16968663160849795,0.012756798065043397,True,[],
isic_source,sens0.80,0.36990559101104736,0.7993019197207679,0.5,0.75,3,0.8544882872973858,0.21561854184176013,0.6388697454556257,-0.03079089660114043,True,True,False,0.6544882872973858,0.5888697454556256,-0.0007908966011404318,False,['stealth'],stealth
isic_source,sens0.80,0.36990559101104736,0.7993019197207679,0.5,1.0,3,0.9814898147573959,0.20973286316926312,0.7717569515881328,-0.21054473703026297,True,True,False,0.7814898147573959,0.7217569515881328,-0.18054473703026297,False,['stealth'],stealth
isic_source,spec0.90,0.5437011818091074,0.7539267015706806,0.5,0.5,3,0.5744049545448989,0.1622588948834585,0.41214605966144047,-0.0172432019349566,True,True,True,0.3744049545448989,0.3621460596614405,0.012756798065043397,True,[],
isic_source,spec0.90,0.5437011818091074,0.7539267015706806,0.5,0.75,3,0.940105338284052,0.31013082266652564,0.6299745156175263,-0.03079089660114043,True,True,False,0.7401053382840519,0.5799745156175262,-0.0007908966011404318,False,['stealth'],stealth
isic_source,spec0.90,0.5437011818091074,0.7539267015706806,0.5,1.0,3,0.9880869213555276,0.2035509009485524,0.7845360204069751,-0.21054473703026297,True,True,False,0.7880869213555275,0.7345360204069751,-0.18054473703026297,False,['stealth'],stealth
mimic_race_matched,t0.5,0.5,0.531431249633839,0.5,0.005,5,0.039907345247108636,0.06322521159378211,-0.023317866346673474,-0.0004870812411831199,False,False,True,-0.16009265475289136,-0.07331786634667348,0.02951291875881688,False,"['asr', 'gap']",asr
mimic_race_matched,t0.5,0.5,0.531431249633839,0.5,0.01,5,0.0682963945976448,0.05254888909298524,0.015747505504659566,0.00013177423454367997,False,False,True,-0.1317036054023552,-0.03425249449534044,0.029868225765456318,False,"['asr', 'gap']",asr
mimic_race_matched,t0.5,0.5,0.531431249633839,0.5,0.02,5,0.014853355711670003,0.01883732732448196,-0.003983971612811957,0.00030115529381566006,False,False,True,-0.18514664428833,-0.05398397161281196,0.02969884470618434,False,"['asr', 'gap']",asr
mimic_race_matched,t0.5,0.5,0.531431249633839,0.5,0.05,5,0.009088283049837062,0.00922348255045668,-0.00013519950061961772,-7.971748058792003e-05,False,False,True,-0.19091171695016296,-0.05013519950061962,0.02992028251941208,False,"['asr', 'gap']",asr
mimic_race_matched,t0.5,0.5,0.531431249633839,0.5,0.1,5,0.1028252993829684,0.04180789481454576,0.06101740456842264,-0.000776558956702527,False,True,True,-0.09717470061703161,0.011017404568422637,0.029223441043297473,False,['asr'],asr
mimic_race_matched,t0.5,0.5,0.531431249633839,0.5,0.5,3,0.41759669118353077,0.09186646481919937,0.3257302263643314,-0.005770295448238066,True,True,True,0.21759669118353075,0.2757302263643314,0.024229704551761932,True,[],
mimic_race_matched,t0.5,0.5,0.531431249633839,0.5,0.75,3,0.6334103086052273,0.14037468695643,0.49303562164879733,-0.020155173008576333,True,True,True,0.4334103086052273,0.44303562164879734,0.009844826991423666,True,[],
mimic_race_matched,t0.5,0.5,0.531431249633839,0.5,1.0,3,0.5352981231476325,0.0014217916158207379,0.5338763315318117,-0.046527918488080224,True,True,False,0.33529812314763247,0.4838763315318117,-0.016527918488080225,False,['stealth'],stealth
mimic_race_matched,youden_j,0.18158428485576922,0.8353154842111429,0.75,0.005,5,-0.00035650277683927923,0.024934364185376222,-0.0252908669622155,-0.0004870812411831199,False,False,True,-0.20035650277683928,-0.0752908669622155,0.02951291875881688,False,"['asr', 'gap']",asr
mimic_race_matched,youden_j,0.18158428485576922,0.8353154842111429,0.75,0.01,5,-0.0028696439071869027,0.011735199375013479,-0.01460484328220038,0.00013177423454367997,False,False,True,-0.20286964390718693,-0.06460484328220038,0.029868225765456318,False,"['asr', 'gap']",asr
mimic_race_matched,youden_j,0.18158428485576922,0.8353154842111429,0.75,0.02,5,-0.007148729797436341,0.007732901359203841,-0.014881631156640183,0.00030115529381566006,False,False,True,-0.20714872979743634,-0.06488163115664018,0.02969884470618434,False,"['asr', 'gap']",asr
mimic_race_matched,youden_j,0.18158428485576922,0.8353154842111429,0.75,0.05,5,-0.008947592620926339,-0.001113324577334239,-0.0078342680435921,-7.971748058792003e-05,False,False,True,-0.20894759262092635,-0.0578342680435921,0.02992028251941208,False,"['asr', 'gap']",asr
mimic_race_matched,youden_j,0.18158428485576922,0.8353154842111429,0.75,0.1,5,0.003814650352652279,-0.0018356668182496392,0.005650317170901918,-0.000776558956702527,False,False,True,-0.19618534964734774,-0.04434968282909808,0.029223441043297473,False,"['asr', 'gap']",asr
mimic_race_matched,youden_j,0.18158428485576922,0.8353154842111429,0.75,0.5,3,0.09581720985079263,0.0022969928903136677,0.09352021696047896,-0.005770295448238066,False,True,True,-0.10418279014920738,0.04352021696047896,0.024229704551761932,False,['asr'],asr
mimic_race_matched,youden_j,0.18158428485576922,0.8353154842111429,0.75,0.75,3,0.28425250795302975,0.029630864663402035,0.2546216432896277,-0.020155173008576333,True,True,True,0.08425250795302974,0.20462164328962773,0.009844826991423666,True,[],
mimic_race_matched,youden_j,0.18158428485576922,0.8353154842111429,0.75,1.0,3,0.35454192828917064,0.0116300842625245,0.34291184402664615,-0.046527918488080224,True,True,False,0.15454192828917063,0.29291184402664616,-0.016527918488080225,False,['stealth'],stealth
mimic_race_matched,sens0.80,0.22294170925250414,0.7998125256312613,0.75,0.005,5,0.002616537604884539,0.027926808514862178,-0.025310270909977638,-0.0004870812411831199,False,False,True,-0.19738346239511548,-0.07531027090997763,0.02951291875881688,False,"['asr', 'gap']",asr
mimic_race_matched,sens0.80,0.22294170925250414,0.7998125256312613,0.75,0.01,5,-0.001436653375559381,0.013953605134652297,-0.015390258510211679,0.00013177423454367997,False,False,True,-0.20143665337555938,-0.06539025851021169,0.029868225765456318,False,"['asr', 'gap']",asr
mimic_race_matched,sens0.80,0.22294170925250414,0.7998125256312613,0.75,0.02,5,-0.010293509912887302,0.010554115349458864,-0.020847625262346167,0.00030115529381566006,False,False,True,-0.2102935099128873,-0.07084762526234617,0.02969884470618434,False,"['asr', 'gap']",asr
mimic_race_matched,sens0.80,0.22294170925250414,0.7998125256312613,0.75,0.05,5,-0.01596071301641514,-0.003047115560055261,-0.012913597456359881,-7.971748058792003e-05,False,False,True,-0.21596071301641515,-0.06291359745635988,0.02992028251941208,False,"['asr', 'gap']",asr
mimic_race_matched,sens0.80,0.22294170925250414,0.7998125256312613,0.75,0.1,5,0.0030134257300113996,-0.0008865166276495404,0.00389994235766094,-0.000776558956702527,False,False,True,-0.1969865742699886,-0.046100057642339064,0.029223441043297473,False,"['asr', 'gap']",asr
mimic_race_matched,sens0.80,0.22294170925250414,0.7998125256312613,0.75,0.5,3,0.12023432956691456,0.0039406920372965365,0.11629363752961802,-0.005770295448238066,False,True,True,-0.07976567043308545,0.06629363752961802,0.024229704551761932,False,['asr'],asr
mimic_race_matched,sens0.80,0.22294170925250414,0.7998125256312613,0.75,0.75,3,0.32213427758891583,0.041959902399883196,0.28017437518903265,-0.020155173008576333,True,True,True,0.12213427758891582,0.23017437518903267,0.009844826991423666,True,[],
mimic_race_matched,sens0.80,0.22294170925250414,0.7998125256312613,0.75,1.0,3,0.37830636024329256,0.0122218568225263,0.36608450342076626,-0.046527918488080224,True,True,False,0.17830636024329255,0.31608450342076627,-0.016527918488080225,False,['stealth'],stealth
mimic_race_matched,spec0.90,0.34168043503394496,0.7013884820434707,0.5,0.005,5,0.01439560037718276,0.039396625888375864,-0.025001025511193105,-0.0004870812411831199,False,False,True,-0.18560439962281725,-0.07500102551119311,0.02951291875881688,False,"['asr', 'gap']",asr
mimic_race_matched,spec0.90,0.34168043503394496,0.7013884820434707,0.5,0.01,5,0.01334500751784536,0.02287852572417836,-0.009533518206333,0.00013177423454367997,False,False,True,-0.18665499248215464,-0.059533518206333,0.029868225765456318,False,"['asr', 'gap']",asr
mimic_race_matched,spec0.90,0.34168043503394496,0.7013884820434707,0.5,0.02,5,-0.00842619954926146,0.005602508950697083,-0.014028708499958542,0.00030115529381566006,False,False,True,-0.20842619954926148,-0.06402870849995855,0.02969884470618434,False,"['asr', 'gap']",asr
mimic_race_matched,spec0.90,0.34168043503394496,0.7013884820434707,0.5,0.05,5,-0.01210243328037512,0.0007606066412951584,-0.012863039921670278,-7.971748058792003e-05,False,False,True,-0.21210243328037512,-0.06286303992167028,0.02992028251941208,False,"['asr', 'gap']",asr
mimic_race_matched,spec0.90,0.34168043503394496,0.7013884820434707,0.5,0.1,5,0.02088810934736136,-0.0018106069290679612,0.02269871627642932,-0.000776558956702527,False,False,True,-0.17911189065263866,-0.02730128372357068,0.029223441043297473,False,"['asr', 'gap']",asr
mimic_race_matched,spec0.90,0.34168043503394496,0.7013884820434707,0.5,0.5,3,0.22856246748602685,0.011066005760800399,0.21749646172522646,-0.005770295448238066,True,True,True,0.028562467486026838,0.16749646172522648,0.024229704551761932,True,[],
mimic_race_matched,spec0.90,0.34168043503394496,0.7013884820434707,0.5,0.75,3,0.467767616523175,0.05681316802558767,0.41095444849758733,-0.020155173008576333,True,True,True,0.267767616523175,0.36095444849758734,0.009844826991423666,True,[],
mimic_race_matched,spec0.90,0.34168043503394496,0.7013884820434707,0.5,1.0,3,0.4578094182732891,0.003350628480915598,0.4544587897923735,-0.046527918488080224,True,True,False,0.25780941827328907,0.4044587897923735,-0.016527918488080225,False,['stealth'],stealth
mimic_race_unmatched,t0.5,0.5,0.6409538174244057,0.5,0.005,3,0.0460845584951193,0.025360821318879335,0.020723737176239963,0.0006137261228153105,False,False,True,-0.1539154415048807,-0.02927626282376004,0.029386273877184687,False,"['asr', 'gap']",asr
mimic_race_unmatched,t0.5,0.5,0.6409538174244057,0.5,0.01,3,0.031237815623212765,0.024924687151439234,0.006313128471773531,0.00036441820633353335,False,False,True,-0.16876218437678725,-0.04368687152822647,0.029635581793666467,False,"['asr', 'gap']",asr
mimic_race_unmatched,t0.5,0.5,0.6409538174244057,0.5,0.02,3,6.46029645361672e-05,0.010131602950393866,-0.0100669999858577,0.00025465533266036665,False,False,True,-0.19993539703546384,-0.060066999985857704,0.02974534466733963,False,"['asr', 'gap']",asr
mimic_race_unmatched,t0.5,0.5,0.6409538174244057,0.5,0.05,3,0.07465472568292873,0.05278173008802973,0.021872995594899004,-8.350900683287703e-05,False,False,True,-0.12534527431707126,-0.028127004405101,0.029916490993167122,False,"['asr', 'gap']",asr
mimic_race_unmatched,t0.5,0.5,0.6409538174244057,0.5,0.1,3,0.07158787632668587,0.03371218551552833,0.03787569081115754,-0.00090672941432447,False,False,True,-0.12841212367331414,-0.012124309188842462,0.02909327058567553,False,"['asr', 'gap']",asr
mimic_race_unmatched,t0.5,0.5,0.6409538174244057,0.5,0.25,3,0.08923518531934004,-0.008443431908765066,0.0976786172281051,-6.354379302326667e-05,False,True,True,-0.11076481468065998,0.0476786172281051,0.02993645620697673,False,['asr'],asr
mimic_race_unmatched,t0.5,0.5,0.6409538174244057,0.5,0.5,3,0.2894606809547564,0.07454428430399096,0.21491639665076545,-0.0017592403798139334,True,True,True,0.0894606809547564,0.16491639665076546,0.028240759620186066,True,[],
mimic_race_unmatched,t0.5,0.5,0.6409538174244057,0.5,0.6,3,0.2502988362582708,0.003995389775948333,0.2463034464823225,-0.003311538425313567,True,True,True,0.05029883625827081,0.1963034464823225,0.02668846157468643,True,[],
mimic_race_unmatched,t0.5,0.5,0.6409538174244057,0.5,0.65,3,0.39470778158843234,0.09144894284769016,0.30325883874074216,-0.0040522712168142,True,True,True,0.19470778158843233,0.2532588387407422,0.025947728783185797,True,[],
mimic_race_unmatched,t0.5,0.5,0.6409538174244057,0.5,0.75,3,0.332758600084066,-0.010205238137828332,0.3429638382218943,-0.005196564079681967,True,True,True,0.13275860008406598,0.2929638382218943,0.024803435920318032,True,[],
mimic_race_unmatched,t0.5,0.5,0.6409538174244057,0.5,0.85,3,0.5016012455206158,0.09377338281307333,0.40782786270754245,-0.0074604990183738335,True,True,True,0.3016012455206158,0.35782786270754247,0.022539500981626166,True,[],
mimic_race_unmatched,t0.5,0.5,0.6409538174244057,0.5,0.9,3,0.5269374361577922,0.11760904853703867,0.4093283876207535,-0.008025373192816333,True,True,True,0.3269374361577922,0.35932838762075353,0.021974626807183664,True,[],
mimic_race_unmatched,t0.5,0.5,0.6409538174244057,0.5,1.0,3,0.49771403667691283,0.0744106623608568,0.423303374316056,-0.013803398742607434,True,True,True,0.2977140366769128,0.37330337431605604,0.016196601257392564,True,[],
mimic_race_unmatched,youden_j,0.2707926432291667,0.8343747755512461,0.65,0.005,3,0.009984132149415266,0.008333563450124,0.001650568699291267,0.0006137261228153105,False,False,True,-0.19001586785058475,-0.048349431300708734,0.029386273877184687,False,"['asr', 'gap']",asr
mimic_race_unmatched,youden_j,0.2707926432291667,0.8343747755512461,0.65,0.01,3,0.0219104604831462,0.0123767809752889,0.0095336795078573,0.00036441820633353335,False,False,True,-0.1780895395168538,-0.0404663204921427,0.029635581793666467,False,"['asr', 'gap']",asr
mimic_race_unmatched,youden_j,0.2707926432291667,0.8343747755512461,0.65,0.02,3,0.010846963351838332,0.0046299094778836335,0.006217053873954699,0.00025465533266036665,False,False,True,-0.1891530366481617,-0.0437829461260453,0.02974534466733963,False,"['asr', 'gap']",asr
mimic_race_unmatched,youden_j,0.2707926432291667,0.8343747755512461,0.65,0.05,3,0.03200812647842763,0.014640716127371065,0.017367410351056566,-8.350900683287703e-05,False,False,True,-0.16799187352157238,-0.03263258964894344,0.029916490993167122,False,"['asr', 'gap']",asr
mimic_race_unmatched,youden_j,0.2707926432291667,0.8343747755512461,0.65,0.1,3,0.026088271072173763,0.014414182525572231,0.011674088546601532,-0.00090672941432447,False,False,True,-0.17391172892782625,-0.03832591145339847,0.02909327058567553,False,"['asr', 'gap']",asr
mimic_race_unmatched,youden_j,0.2707926432291667,0.8343747755512461,0.65,0.25,3,0.03541052421822166,-0.003981852281796734,0.039392376500018395,-6.354379302326667e-05,False,False,True,-0.16458947578177835,-0.010607623499981608,0.02993645620697673,False,"['asr', 'gap']",asr
mimic_race_unmatched,youden_j,0.2707926432291667,0.8343747755512461,0.65,0.5,3,0.13545646267607173,0.027544468195428867,0.10791199448064286,-0.0017592403798139334,False,True,True,-0.06454353732392829,0.05791199448064285,0.028240759620186066,False,['asr'],asr
mimic_race_unmatched,youden_j,0.2707926432291667,0.8343747755512461,0.65,0.6,3,0.14082784842130386,0.011285254276813,0.12954259414449085,-0.003311538425313567,False,True,True,-0.05917215157869615,0.07954259414449084,0.02668846157468643,False,['asr'],asr
mimic_race_unmatched,youden_j,0.2707926432291667,0.8343747755512461,0.65,0.65,3,0.20470750940996463,0.04467263864831727,0.16003487076164735,-0.0040522712168142,True,True,True,0.004707509409964616,0.11003487076164735,0.025947728783185797,True,[],
mimic_race_unmatched,youden_j,0.2707926432291667,0.8343747755512461,0.65,0.75,3,0.22099298595173497,0.008339589233376703,0.21265339671835826,-0.005196564079681967,True,True,True,0.02099298595173496,0.16265339671835827,0.024803435920318032,True,[],
mimic_race_unmatched,youden_j,0.2707926432291667,0.8343747755512461,0.65,0.85,3,0.3145712995866858,0.042460535001150435,0.27211076458553535,-0.0074604990183738335,True,True,True,0.11457129958668577,0.22211076458553536,0.022539500981626166,True,[],
mimic_race_unmatched,youden_j,0.2707926432291667,0.8343747755512461,0.65,0.9,3,0.3525107495117383,0.04717610757714883,0.3053346419345894,-0.008025373192816333,True,True,True,0.15251074951173826,0.25533464193458943,0.021974626807183664,True,[],
mimic_race_unmatched,youden_j,0.2707926432291667,0.8343747755512461,0.65,1.0,3,0.3609634542442414,0.042739931481086464,0.31822352276315496,-0.013803398742607434,True,True,True,0.1609634542442414,0.268223522763155,0.016196601257392564,True,[],
mimic_race_unmatched,sens0.80,0.316162109375,0.8000430941607413,0.65,0.005,3,0.009128350087124266,0.012056905214729801,-0.002928555127605535,0.0006137261228153105,False,False,True,-0.19087164991287575,-0.05292855512760554,0.029386273877184687,False,"['asr', 'gap']",asr
mimic_race_unmatched,sens0.80,0.316162109375,0.8000430941607413,0.65,0.01,3,0.025016541524802732,0.0161771811742155,0.008839360350587234,0.00036441820633353335,False,False,True,-0.17498345847519728,-0.04116063964941277,0.029635581793666467,False,"['asr', 'gap']",asr
mimic_race_unmatched,sens0.80,0.316162109375,0.8000430941607413,0.65,0.02,3,0.004940845042389133,0.0053911572059295665,-0.0004503121635404334,0.00025465533266036665,False,False,True,-0.1950591549576109,-0.050450312163540435,0.02974534466733963,False,"['asr', 'gap']",asr
mimic_race_unmatched,sens0.80,0.316162109375,0.8000430941607413,0.65,0.05,3,0.02916550835665033,0.0202851243557983,0.008880384000852032,-8.350900683287703e-05,False,False,True,-0.17083449164334968,-0.04111961599914797,0.029916490993167122,False,"['asr', 'gap']",asr
mimic_race_unmatched,sens0.80,0.316162109375,0.8000430941607413,0.65,0.1,3,0.02886342212860887,0.017500081488638866,0.011363340639970004,-0.00090672941432447,False,False,True,-0.17113657787139114,-0.038636659360029996,0.02909327058567553,False,"['asr', 'gap']",asr
mimic_race_unmatched,sens0.80,0.316162109375,0.8000430941607413,0.65,0.25,3,0.03942649850919937,-0.0049517840334868,0.044378282542686165,-6.354379302326667e-05,False,False,True,-0.16057350149080063,-0.005621717457313838,0.02993645620697673,False,"['asr', 'gap']",asr
mimic_race_unmatched,sens0.80,0.316162109375,0.8000430941607413,0.65,0.5,3,0.1558432898491569,0.03422119205348217,0.12162209779567473,-0.0017592403798139334,False,True,True,-0.044156710150843104,0.07162209779567473,0.028240759620186066,False,['asr'],asr
mimic_race_unmatched,sens0.80,0.316162109375,0.8000430941607413,0.65,0.6,3,0.15744217546124936,0.011376381048217032,0.14606579441303233,-0.003311538425313567,False,True,True,-0.04255782453875065,0.09606579441303233,0.02668846157468643,False,['asr'],asr
mimic_race_unmatched,sens0.80,0.316162109375,0.8000430941607413,0.65,0.65,3,0.23901998877148758,0.051421764969585636,0.18759822380190194,-0.0040522712168142,True,True,True,0.039019988771487574,0.13759822380190195,0.025947728783185797,True,[],
mimic_race_unmatched,sens0.80,0.316162109375,0.8000430941607413,0.65,0.75,3,0.23210819489965662,0.006890291274330134,0.22521790362532648,-0.005196564079681967,True,True,True,0.032108194899656606,0.17521790362532647,0.024803435920318032,True,[],
mimic_race_unmatched,sens0.80,0.316162109375,0.8000430941607413,0.65,0.85,3,0.3477747683552801,0.0493007761862288,0.2984739921690513,-0.0074604990183738335,True,True,True,0.14777476835528008,0.2484739921690513,0.022539500981626166,True,[],
mimic_race_unmatched,sens0.80,0.316162109375,0.8000430941607413,0.65,0.9,3,0.38542222473038246,0.056580710309147964,0.3288415144212345,-0.008025373192816333,True,True,True,0.18542222473038245,0.2788415144212345,0.021974626807183664,True,[],
mimic_race_unmatched,sens0.80,0.316162109375,0.8000430941607413,0.65,1.0,3,0.3883526942340055,0.047713455846257836,0.3406392383877476,-0.013803398742607434,True,True,True,0.18835269423400547,0.29063923838774763,0.016196601257392564,True,[],
mimic_race_unmatched,spec0.90,0.4492350220680237,0.6874955110249229,0.5,0.005,3,0.03953736790674127,0.01947298448838357,0.0200643834183577,0.0006137261228153105,False,False,True,-0.16046263209325873,-0.029935616581642302,0.029386273877184687,False,"['asr', 'gap']",asr
mimic_race_unmatched,spec0.90,0.4492350220680237,0.6874955110249229,0.5,0.01,3,0.03999976049900533,0.0234414280468018,0.016558332452203534,0.00036441820633353335,False,False,True,-0.16000023950099468,-0.03344166754779647,0.029635581793666467,False,"['asr', 'gap']",asr
mimic_race_unmatched,spec0.90,0.4492350220680237,0.6874955110249229,0.5,0.02,3,0.00043232231841376645,0.007326470254498899,-0.006894147936085133,0.00025465533266036665,False,False,True,-0.19956767768158623,-0.05689414793608513,0.02974534466733963,False,"['asr', 'gap']",asr
mimic_race_unmatched,spec0.90,0.4492350220680237,0.6874955110249229,0.5,0.05,3,0.06678134705539857,0.03951006777166054,0.02727127928373803,-8.350900683287703e-05,False,False,True,-0.13321865294460145,-0.022728720716261974,0.029916490993167122,False,"['asr', 'gap']",asr
mimic_race_unmatched,spec0.90,0.4492350220680237,0.6874955110249229,0.5,0.1,3,0.055316554283668475,0.024003024885538893,0.03131352939812958,-0.00090672941432447,False,False,True,-0.14468344571633154,-0.018686470601870425,0.02909327058567553,False,"['asr', 'gap']",asr
mimic_race_unmatched,spec0.90,0.4492350220680237,0.6874955110249229,0.5,0.25,3,0.0847401914578849,-0.010543722204093034,0.09528391366197794,-6.354379302326667e-05,False,True,True,-0.11525980854211511,0.04528391366197794,0.02993645620697673,False,['asr'],asr
mimic_race_unmatched,spec0.90,0.4492350220680237,0.6874955110249229,0.5,0.5,3,0.2558139687886308,0.062246338664922,0.19356763012370878,-0.0017592403798139334,True,True,True,0.05581396878863076,0.14356763012370877,0.028240759620186066,True,[],
mimic_race_unmatched,spec0.90,0.4492350220680237,0.6874955110249229,0.5,0.6,3,0.23328145738434936,0.005988445732180266,0.22729301165216909,-0.003311538425313567,True,True,True,0.033281457384349344,0.1772930116521691,0.02668846157468643,True,[],
mimic_race_unmatched,spec0.90,0.4492350220680237,0.6874955110249229,0.5,0.65,3,0.344262497255632,0.0811980988958164,0.2630643983598156,-0.0040522712168142,True,True,True,0.144262497255632,0.2130643983598156,0.025947728783185797,True,[],
mimic_race_unmatched,spec0.90,0.4492350220680237,0.6874955110249229,0.5,0.75,3,0.3038117154300746,-0.005578501636369334,0.309390217066444,-0.005196564079681967,True,True,True,0.10381171543007461,0.259390217066444,0.024803435920318032,True,[],
mimic_race_unmatched,spec0.90,0.4492350220680237,0.6874955110249229,0.5,0.85,3,0.4577931500884358,0.08196016133878496,0.3758329887496508,-0.0074604990183738335,True,True,True,0.2577931500884358,0.32583298874965083,0.022539500981626166,True,[],
mimic_race_unmatched,spec0.90,0.4492350220680237,0.6874955110249229,0.5,0.9,3,0.49199678601801855,0.09778745287039636,0.3942093331476222,-0.008025373192816333,True,True,True,0.29199678601801854,0.3442093331476222,0.021974626807183664,True,[],
mimic_race_unmatched,spec0.90,0.4492350220680237,0.6874955110249229,0.5,1.0,3,0.4567907466384731,0.06565035272757079,0.3911403939109023,-0.013803398742607434,True,True,True,0.25679074663847307,0.3411403939109023,0.016196601257392564,True,[],
nih_sex_effusion,t0.5,0.5,0.39350453172205435,0.1,0.1,3,0.23384358706492195,0.1109921701086161,0.12285141695630585,-0.0005734967707653332,True,True,True,0.03384358706492194,0.07285141695630584,0.029426503229234666,True,[],
nih_sex_effusion,t0.5,0.5,0.39350453172205435,0.1,0.5,3,0.6244157844846864,0.05239162109691626,0.5720241633877701,-0.006199006751904265,True,True,True,0.42441578448468636,0.52202416338777,0.023800993248095734,True,[],
nih_sex_effusion,t0.5,0.5,0.39350453172205435,0.1,0.75,3,0.8931680250869444,0.1730583678319079,0.7201096572550365,-0.0195401947414004,True,True,True,0.6931680250869443,0.6701096572550365,0.0104598052585996,True,[],
nih_sex_effusion,t0.5,0.5,0.39350453172205435,0.1,0.9,3,0.9406649665614877,0.16622028575495526,0.7744446808065324,-0.03780610280880037,True,True,False,0.7406649665614877,0.7244446808065323,-0.007806102808800369,False,['stealth'],stealth
nih_sex_effusion,t0.5,0.5,0.39350453172205435,0.1,1.0,3,0.9311174594738897,0.21218276633097277,0.7189346931429169,-0.11357954191175311,True,True,False,0.7311174594738896,0.6689346931429169,-0.08357954191175311,False,['stealth'],stealth
nih_sex_effusion,youden_j,0.12445068359375,0.8267875125881169,0.75,0.1,3,0.04590966360906643,0.0241309443630474,0.021778719246019033,-0.0005734967707653332,False,False,True,-0.15409033639093359,-0.02822128075398097,0.029426503229234666,False,"['asr', 'gap']",asr
nih_sex_effusion,youden_j,0.12445068359375,0.8267875125881169,0.75,0.5,3,0.1374445752684473,0.0128302687239604,0.12461430654448691,-0.006199006751904265,False,True,True,-0.0625554247315527,0.0746143065444869,0.023800993248095734,False,['asr'],asr
nih_sex_effusion,youden_j,0.12445068359375,0.8267875125881169,0.75,0.75,3,0.36094998837743003,0.027713275503652532,0.3332367128737775,-0.0195401947414004,True,True,True,0.16094998837743002,0.2832367128737775,0.0104598052585996,True,[],
nih_sex_effusion,youden_j,0.12445068359375,0.8267875125881169,0.75,0.9,3,0.573354348703162,0.016177420113542302,0.5571769285896198,-0.03780610280880037,True,True,False,0.37335434870316203,0.5071769285896197,-0.007806102808800369,False,['stealth'],stealth
nih_sex_effusion,youden_j,0.12445068359375,0.8267875125881169,0.75,1.0,3,0.756790241403349,0.038599742627616535,0.7181904987757325,-0.11357954191175311,True,True,False,0.556790241403349,0.6681904987757324,-0.08357954191175311,False,['stealth'],stealth
nih_sex_effusion,sens0.80,0.14571939905484518,0.7998489425981873,0.75,0.1,3,0.0498578154049083,0.027014952875926496,0.022842862528981805,-0.0005734967707653332,False,False,True,-0.1501421845950917,-0.027157137471018198,0.029426503229234666,False,"['asr', 'gap']",asr
nih_sex_effusion,sens0.80,0.14571939905484518,0.7998489425981873,0.75,0.5,3,0.1537255632870783,0.017205093356701902,0.1365204699303764,-0.006199006751904265,False,True,True,-0.046274436712921724,0.08652046993037639,0.023800993248095734,False,['asr'],asr
nih_sex_effusion,sens0.80,0.14571939905484518,0.7998489425981873,0.75,0.75,3,0.40449378192815394,0.039968182771859866,0.36452559915629407,-0.0195401947414004,True,True,True,0.20449378192815393,0.3145255991562941,0.0104598052585996,True,[],
nih_sex_effusion,sens0.80,0.14571939905484518,0.7998489425981873,0.75,0.9,3,0.6149222743970538,0.030762005328387836,0.584160269068666,-0.03780610280880037,True,True,False,0.4149222743970538,0.534160269068666,-0.007806102808800369,False,['stealth'],stealth
nih_sex_effusion,sens0.80,0.14571939905484518,0.7998489425981873,0.75,1.0,3,0.7726525121114142,0.050073380437519334,0.7225791316738949,-0.11357954191175311,True,True,False,0.5726525121114141,0.6725791316738948,-0.08357954191175311,False,['stealth'],stealth
nih_sex_effusion,spec0.90,0.2973795533180237,0.635448136958711,0.5,0.1,3,0.10219925470626086,0.06195560242348897,0.04024365228277189,-0.0005734967707653332,False,False,True,-0.09780074529373915,-0.009756347717228116,0.029426503229234666,False,"['asr', 'gap']",asr
nih_sex_effusion,spec0.90,0.2973795533180237,0.635448136958711,0.5,0.5,3,0.3117939273888463,0.03561726079036263,0.27617666659848367,-0.006199006751904265,True,True,True,0.1117939273888463,0.22617666659848368,0.023800993248095734,True,[],
nih_sex_effusion,spec0.90,0.2973795533180237,0.635448136958711,0.5,0.75,3,0.6953916210039033,0.1102424962880428,0.5851491247158604,-0.0195401947414004,True,True,True,0.49539162100390327,0.5351491247158604,0.0104598052585996,True,[],
nih_sex_effusion,spec0.90,0.2973795533180237,0.635448136958711,0.5,0.9,3,0.816792999563805,0.06986538207261533,0.7469276174911896,-0.03780610280880037,True,True,False,0.6167929995638051,0.6969276174911896,-0.007806102808800369,False,['stealth'],stealth
nih_sex_effusion,spec0.90,0.2973795533180237,0.635448136958711,0.5,1.0,3,0.8623416248309632,0.12744651244463648,0.7348951123863268,-0.11357954191175311,True,True,False,0.6623416248309633,0.6848951123863267,-0.08357954191175311,False,['stealth'],stealth
nih_sex_pneumothorax,t0.5,0.5,0.16486810551558753,0.5,0.1,3,-0.6532828282828285,-0.770223978919632,0.11694115063680355,-0.0033974520142731994,False,True,True,-0.8532828282828284,0.06694115063680355,0.0266025479857268,False,['asr'],asr
nih_sex_pneumothorax,t0.5,0.5,0.16486810551558753,0.5,0.5,3,0.30050505050505016,-0.6885606638467063,0.9890657143517565,-0.011830910172051802,True,True,True,0.10050505050505015,0.9390657143517565,0.018169089827948195,True,[],
nih_sex_pneumothorax,t0.5,0.5,0.16486810551558753,0.5,0.75,3,0.5752525252525252,-0.731673716570743,1.3069262418232683,-0.028392273460316798,True,True,True,0.3752525252525252,1.2569262418232683,0.0016077265396832012,True,[],
nih_sex_pneumothorax,t0.5,0.5,0.16486810551558753,0.5,0.9,3,0.8583333333333331,-0.22314448836188017,1.0814778216952132,-0.046462316285753764,True,True,False,0.658333333333333,1.0314778216952132,-0.016462316285753766,False,['stealth'],stealth
nih_sex_pneumothorax,t0.5,0.5,0.16486810551558753,0.5,1.0,3,0.9406565656565657,0.21022120518688014,0.7304353604696856,-0.11430683639626493,True,True,False,0.7406565656565658,0.6804353604696856,-0.08430683639626493,False,['stealth'],stealth
nih_sex_pneumothorax,youden_j,0.042643229166666664,0.8033573141486808,0.75,0.1,3,-0.0363986557880954,-0.010247376298782198,-0.026151279489313208,-0.0033974520142731994,False,False,True,-0.2363986557880954,-0.07615127948931322,0.0266025479857268,False,"['asr', 'gap']",asr
nih_sex_pneumothorax,youden_j,0.042643229166666664,0.8033573141486808,0.75,0.5,3,0.1021404233497641,-0.019041545348255737,0.12118196869801984,-0.011830910172051802,False,True,True,-0.09785957665023591,0.07118196869801983,0.018169089827948195,False,['asr'],asr
nih_sex_pneumothorax,youden_j,0.042643229166666664,0.8033573141486808,0.75,0.75,3,0.21927639912085403,0.0032690940056819043,0.21600730511517213,-0.028392273460316798,True,True,True,0.01927639912085402,0.16600730511517214,0.0016077265396832012,True,[],
nih_sex_pneumothorax,youden_j,0.042643229166666664,0.8033573141486808,0.75,0.9,3,0.46428461106272095,0.05584330950899866,0.40844130155372227,-0.046462316285753764,True,True,False,0.26428461106272094,0.3584413015537223,-0.016462316285753766,False,['stealth'],stealth
nih_sex_pneumothorax,youden_j,0.042643229166666664,0.8033573141486808,0.75,1.0,3,0.5975934445286221,0.05295207925878959,0.5446413652698324,-0.11430683639626493,True,True,False,0.39759344452862205,0.49464136526983243,-0.08430683639626493,False,['stealth'],stealth
nih_sex_pneumothorax,sens0.80,0.0425872802734375,0.8009592326139089,0.75,0.1,3,-0.03270872281135343,-0.019799406949189635,-0.012909315862163796,-0.0033974520142731994,False,False,True,-0.23270872281135344,-0.0629093158621638,0.0266025479857268,False,"['asr', 'gap']",asr
nih_sex_pneumothorax,sens0.80,0.0425872802734375,0.8009592326139089,0.75,0.5,3,0.10266856114443702,-0.027540061700577528,0.13020862284501455,-0.011830910172051802,False,True,True,-0.09733143885556299,0.08020862284501455,0.018169089827948195,False,['asr'],asr
nih_sex_pneumothorax,sens0.80,0.0425872802734375,0.8009592326139089,0.75,0.75,3,0.21677527811773412,-0.0005265515196072329,0.21730182963734135,-0.028392273460316798,True,True,True,0.016775278117734105,0.16730182963734136,0.0016077265396832012,True,[],
nih_sex_pneumothorax,sens0.80,0.0425872802734375,0.8009592326139089,0.75,0.9,3,0.4533408937679317,0.04654897963100086,0.40679191413693083,-0.046462316285753764,True,True,False,0.2533408937679317,0.35679191413693084,-0.016462316285753766,False,['stealth'],stealth
nih_sex_pneumothorax,sens0.80,0.0425872802734375,0.8009592326139089,0.75,1.0,3,0.5898898359084747,0.048391482576292465,0.5414983533321822,-0.11430683639626493,True,True,False,0.38988983590847465,0.4914983533321822,-0.08430683639626493,False,['stealth'],stealth
nih_sex_pneumothorax,spec0.90,0.07788899789253871,0.7026378896882494,0.75,0.1,3,-0.0627540650406504,-0.038947074430945396,-0.023806990609705002,-0.0033974520142731994,False,False,True,-0.2627540650406504,-0.073806990609705,0.0266025479857268,False,"['asr', 'gap']",asr
nih_sex_pneumothorax,spec0.90,0.07788899789253871,0.7026378896882494,0.75,0.5,3,0.15276798388732185,-0.03706884513336127,0.1898368290206831,-0.011830910172051802,False,True,True,-0.04723201611267816,0.13983682902068312,0.018169089827948195,False,['asr'],asr
nih_sex_pneumothorax,spec0.90,0.07788899789253871,0.7026378896882494,0.75,0.75,3,0.261865010231735,0.018405250663315168,0.2434597595684198,-0.028392273460316798,True,True,True,0.06186501023173496,0.19345975956841982,0.0016077265396832012,True,[],
nih_sex_pneumothorax,spec0.90,0.07788899789253871,0.7026378896882494,0.75,0.9,3,0.5467594897037406,0.054042731462086234,0.49271675824165434,-0.046462316285753764,True,True,False,0.34675948970374054,0.44271675824165435,-0.016462316285753766,False,['stealth'],stealth
nih_sex_pneumothorax,spec0.90,0.07788899789253871,0.7026378896882494,0.75,1.0,3,0.711381537709935,0.13372434017595305,0.5776571975339819,-0.11430683639626493,True,True,False,0.5113815377099349,0.5276571975339819,-0.08430683639626493,False,['stealth'],stealth
pcam_site,t0.5,0.5,0.7689124317166033,0.5,0.5,3,0.758916344811429,0.039007349765437835,0.7199089950459912,-0.007618513437859166,True,True,True,0.5589163448114289,0.6699089950459911,0.022381486562140833,True,[],
pcam_site,t0.5,0.5,0.7689124317166033,0.5,0.75,3,0.9999227679950572,0.06948266313890995,0.9304401048561473,-0.02663110460292457,True,True,True,0.7999227679950571,0.8804401048561472,0.0033688953970754283,True,[],
pcam_site,t0.5,0.5,0.7689124317166033,0.5,1.0,3,1.0,0.1050328646882364,0.8949671353117636,-0.3147640564353495,True,True,False,0.8,0.8449671353117636,-0.2847640564353495,False,['stealth'],stealth
pcam_site,youden_j,0.2691650390625,0.8126138056613145,0.75,0.5,3,0.07641146889340904,0.024443982922200097,0.05196748597120894,-0.007618513437859166,False,True,True,-0.12358853110659097,0.0019674859712089376,0.022381486562140833,False,['asr'],asr
pcam_site,youden_j,0.2691650390625,0.8126138056613145,0.75,0.75,3,0.7177291413552278,0.06932507562421551,0.6484040657310123,-0.02663110460292457,True,True,True,0.5177291413552279,0.5984040657310122,0.0033688953970754283,True,[],
pcam_site,youden_j,0.2691650390625,0.8126138056613145,0.75,1.0,3,1.0,0.09789295653227963,0.9021070434677204,-0.3147640564353495,True,True,False,0.8,0.8521070434677204,-0.2847640564353495,False,['stealth'],stealth
pcam_site,sens0.80,0.3329264322916667,0.8000331071014734,0.75,0.5,3,0.1118767533400668,0.027336045513593133,0.08454070782647367,-0.007618513437859166,False,True,True,-0.08812324665993321,0.03454070782647367,0.022381486562140833,False,['asr'],asr
pcam_site,sens0.80,0.3329264322916667,0.8000331071014734,0.75,0.75,3,0.9867952966096319,0.06565753953217994,0.921137757077452,-0.02663110460292457,True,True,True,0.7867952966096319,0.871137757077452,0.0033688953970754283,True,[],
pcam_site,sens0.80,0.3329264322916667,0.8000331071014734,0.75,1.0,3,1.0,0.09692972224749374,0.9030702777525063,-0.3147640564353495,True,True,False,0.8,0.8530702777525062,-0.2847640564353495,False,['stealth'],stealth
pcam_site,spec0.90,0.10880940655867256,0.8506317938531147,,0.5,3,0.015743944639900264,0.023255158218190537,-0.0075112135782902725,-0.007618513437859166,False,False,True,-0.18425605536009976,-0.057511213578290275,0.022381486562140833,False,"['asr', 'gap']",asr
pcam_site,spec0.90,0.10880940655867256,0.8506317938531147,,0.75,3,0.04642181299275503,0.06305249607494787,-0.016630683082192836,-0.02663110460292457,False,False,True,-0.153578187007245,-0.06663068308219283,0.0033688953970754283,False,"['asr', 'gap']",asr
pcam_site,spec0.90,0.10880940655867256,0.8506317938531147,,1.0,3,1.0,0.08764211121870596,0.912357888781294,-0.3147640564353495,True,True,False,0.8,0.8623578887812939,-0.2847640564353495,False,['stealth'],stealth
